TRAIN,PATH#d56d453e-2f4e-4865-a2d9-16ccd73d1bf0.jpg,danaus_plexippus,0.52,0.51,,,0.72,0.57,,
TRAIN,PATH#d56d453e-2f4e-4865-a2d9-16ccd73d1bf0.jpg,danaus_plexippus,0.09,0.36,,,0.29,0.55,,
TRAIN,PATH#d56d453e-2f4e-4865-a2d9-16ccd73d1bf0.jpg,danaus_plexippus,0.31,0.67,,,0.51,0.86,,
TRAIN,PATH#d56d453e-2f4e-4865-a2d9-16ccd73d1bf0.jpg,danaus_plexippus,0.09,0.49,,,0.29,0.68,,
TRAIN,PATH#404e9e28-c24a-49c6-bad6-3fce6cc12771.jpg,danaus_plexippus,0.61,0.25,,,0.8,0.55,,
TRAIN,PATH#7b7454ec-0839-471b-b512-edebf30b4d55.jpg,danaus_plexippus,0.47,0.32,,,0.67,0.6,,
TRAIN,PATH#7b7454ec-0839-471b-b512-edebf30b4d55.jpg,danaus_plexippus,0.25,0.55,,,0.45,0.6,,
TRAIN,PATH#7b7454ec-0839-471b-b512-edebf30b4d55.jpg,danaus_plexippus,0.12,0.67,,,0.32,0.9,,
TRAIN,PATH#7b7454ec-0839-471b-b512-edebf30b4d55.jpg,danaus_plexippus,0.33,0.45,,,0.53,0.76,,
TRAIN,PATH#7b7454ec-0839-471b-b512-edebf30b4d55.jpg,danaus_plexippus,0.08,0.55,,,0.28,0.61,,
TRAIN,PATH#396f86fc-021f-4319-8d9c-696ec5edce05.jpg,danaus_plexippus,0.41,0.51,,,0.61,0.57,,
TRAIN,PATH#6a3c107d-065a-44d8-92e6-c58e3ec69fee.jpg,danaus_plexippus,0.16,0.52,,,0.36,0.63,,
TRAIN,PATH#6a3c107d-065a-44d8-92e6-c58e3ec69fee.jpg,danaus_plexippus,0.7,0.29,,,0.89,0.61,,
TRAIN,PATH#6a3c107d-065a-44d8-92e6-c58e3ec69fee.jpg,danaus_plexippus,0.17,0.4,,,0.37,0.46,,
TRAIN,PATH#8886b7d4-794a-44aa-b80c-b3a4a0e8885e.jpg,danaus_plexippus,0.36,0.69,,,0.56,0.75,,
TRAIN,PATH#8886b7d4-794a-44aa-b80c-b3a4a0e8885e.jpg,danaus_plexippus,0.7,0.34,,,0.9,0.48,,
TRAIN,PATH#8886b7d4-794a-44aa-b80c-b3a4a0e8885e.jpg,danaus_plexippus,0.58,0.65,,,0.78,0.92,,
TRAIN,PATH#8886b7d4-794a-44aa-b80c-b3a4a0e8885e.jpg,danaus_plexippus,0.02,0.6,,,0.21,0.67,,
TRAIN,PATH#cb823862-c2c5-4009-9f71-519f7d41bf5b.jpg,danaus_plexippus,0.42,0.38,,,0.62,0.63,,
TRAIN,PATH#cb823862-c2c5-4009-9f71-519f7d41bf5b.jpg,danaus_plexippus,0.08,0.58,,,0.28,0.89,,
TRAIN,PATH#cb823862-c2c5-4009-9f71-519f7d41bf5b.jpg,danaus_plexippus,0.66,0.5,,,0.86,0.57,,
TRAIN,PATH#cb823862-c2c5-4009-9f71-519f7d41bf5b.jpg,danaus_plexippus,0.23,0.59,,,0.43,0.71,,
TRAIN,PATH#5565853b-fc23-4071-9cdc-81a05602db9f.jpg,danaus_plexippus,0.28,0.35,,,0.48,0.44,,
TRAIN,PATH#5565853b-fc23-4071-9cdc-81a05602db9f.jpg,danaus_plexippus,0.07,0.49,,,0.27,0.55,,
TRAIN,PATH#5565853b-fc23-4071-9cdc-81a05602db9f.jpg,danaus_plexippus,0.28,0.28,,,0.48,0.55,,
TRAIN,PATH#5565853b-fc23-4071-9cdc-81a05602db9f.jpg,danaus_plexippus,0.66,0.57,,,0.86,0.62,,
TRAIN,PATH#7bc44118-34b1-4eed-87f3-08d16ce3051a.jpg,danaus_plexippus,0.12,0.65,,,0.31,0.72,,
TRAIN,PATH#7bc44118-34b1-4eed-87f3-08d16ce3051a.jpg,danaus_plexippus,0.51,0.49,,,0.71,0.79,,
TRAIN,PATH#7bc44118-34b1-4eed-87f3-08d16ce3051a.jpg,danaus_plexippus,0.33,0.39,,,0.53,0.45,,
TRAIN,PATH#7bc44118-34b1-4eed-87f3-08d16ce3051a.jpg,danaus_plexippus,0.48,0.56,,,0.68,0.76,,
TRAIN,PATH#7bc44118-34b1-4eed-87f3-08d16ce3051a.jpg,danaus_plexippus,0.29,0.67,,,0.49,0.87,,
TRAIN,PATH#5f09084b-9847-4a6b-9d3e-7b5bf2f345ea.jpg,danaus_plexippus,0.44,0.65,,,0.63,0.74,,
TRAIN,PATH#5f09084b-9847-4a6b-9d3e-7b5bf2f345ea.jpg,danaus_plexippus,0.03,0.45,,,0.23,0.69,,
TRAIN,PATH#5f09084b-9847-4a6b-9d3e-7b5bf2f345ea.jpg,danaus_plexippus,0.37,0.63,,,0.57,0.74,,
TRAIN,PATH#5f09084b-9847-4a6b-9d3e-7b5bf2f345ea.jpg,danaus_plexippus,0.58,0.51,,,0.78,0.6,,
TRAIN,PATH#93c731b7-7851-4d9f-8fc0-c8c44e602ce8.jpg,danaus_plexippus,0.61,0.59,,,0.81,0.84,,
TRAIN,PATH#93c731b7-7851-4d9f-8fc0-c8c44e602ce8.jpg,danaus_plexippus,0.35,0.63,,,0.55,0.7,,
TRAIN,PATH#93c731b7-7851-4d9f-8fc0-c8c44e602ce8.jpg,danaus_plexippus,0.19,0.4,,,0.39,0.67,,
TRAIN,PATH#93c731b7-7851-4d9f-8fc0-c8c44e602ce8.jpg,danaus_plexippus,0.3,0.65,,,0.5,0.8,,
TRAIN,PATH#93c731b7-7851-4d9f-8fc0-c8c44e602ce8.jpg,danaus_plexippus,0.62,0.47,,,0.82,0.57,,
TRAIN,PATH#49911c81-bf3d-4429-98b3-1a4dbda8bcda.jpg,danaus_plexippus,0.58,0.49,,,0.78,0.57,,
TRAIN,PATH#49911c81-bf3d-4429-98b3-1a4dbda8bcda.jpg,danaus_plexippus,0.08,0.64,,,0.28,0.7,,
TRAIN,PATH#3db78c26-c8df-43d0-960c-8c356b8a695d.jpg,danaus_plexippus,0.27,0.56,,,0.47,0.85,,
TRAIN,PATH#3db78c26-c8df-43d0-960c-8c356b8a695d.jpg,danaus_plexippus,0.03,0.38,,,0.23,0.5,,
TRAIN,PATH#3db78c26-c8df-43d0-960c-8c356b8a695d.jpg,danaus_plexippus,0.21,0.57,,,0.41,0.73,,
TRAIN,PATH#3db78c26-c8df-43d0-960c-8c356b8a695d.jpg,danaus_plexippus,0.59,0.43,,,0.79,0.52,,
TRAIN,PATH#3db78c26-c8df-43d0-960c-8c356b8a695d.jpg,danaus_plexippus,0.18,0.51,,,0.38,0.57,,
TRAIN,PATH#db022160-0035-4bf6-95f0-ad13aef251cd.jpg,danaus_plexippus,0.65,0.68,,,0.85,1,,
TRAIN,PATH#db022160-0035-4bf6-95f0-ad13aef251cd.jpg,danaus_plexippus,0.18,0.39,,,0.38,0.46,,
TRAIN,PATH#03f2deb2-fcb0-4d82-92b9-8c9adfb2a52c.jpg,danaus_plexippus,0.25,0.44,,,0.45,0.53,,
TRAIN,PATH#03f2deb2-fcb0-4d82-92b9-8c9adfb2a52c.jpg,danaus_plexippus,0.05,0.52,,,0.25,0.59,,
TRAIN,PATH#03f2deb2-fcb0-4d82-92b9-8c9adfb2a52c.jpg,danaus_plexippus,0.2,0.41,,,0.4,0.57,,
TRAIN,PATH#03f2deb2-fcb0-4d82-92b9-8c9adfb2a52c.jpg,danaus_plexippus,0.01,0.63,,,0.21,0.73,,
TRAIN,PATH#03f2deb2-fcb0-4d82-92b9-8c9adfb2a52c.jpg,danaus_plexippus,0.68,0.36,,,0.88,0.45,,
TRAIN,PATH#aa48141e-5f7d-424d-83be-0e511d747620.jpg,danaus_plexippus,0.44,0.51,,,0.64,0.58,,
TRAIN,PATH#aa48141e-5f7d-424d-83be-0e511d747620.jpg,danaus_plexippus,0.34,0.26,,,0.54,0.55,,
TRAIN,PATH#d565e236-acb6-4fa5-b5c5-98a60f907d3b.jpg,danaus_plexippus,0.66,0.45,,,0.86,0.66,,
TRAIN,PATH#d565e236-acb6-4fa5-b5c5-98a60f907d3b.jpg,danaus_plexippus,0.11,0.55,,,0.31,0.74,,
TRAIN,PATH#d565e236-acb6-4fa5-b5c5-98a60f907d3b.jpg,danaus_plexippus,0.29,0.3,,,0.48,0.5,,
TRAIN,PATH#d565e236-acb6-4fa5-b5c5-98a60f907d3b.jpg,danaus_plexippus,0.08,0.66,,,0.28,0.85,,
TRAIN,PATH#fc6550b4-4ac7-4b04-be99-9982df11098f.jpg,danaus_plexippus,0.51,0.41,,,0.71,0.47,,
TRAIN,PATH#fc6550b4-4ac7-4b04-be99-9982df11098f.jpg,danaus_plexippus,0.33,0.51,,,0.53,0.56,,
TRAIN,PATH#c6f7ca51-341f-4c44-8de7-8807c3f610bf.jpg,danaus_plexippus,0.5,0.59,,,0.7,0.91,,
TRAIN,PATH#c6f7ca51-341f-4c44-8de7-8807c3f610bf.jpg,danaus_plexippus,0.28,0.67,,,0.48,0.73,,
TRAIN,PATH#c6f7ca51-341f-4c44-8de7-8807c3f610bf.jpg,danaus_plexippus,0.43,0.42,,,0.63,0.71,,
TRAIN,PATH#c6f7ca51-341f-4c44-8de7-8807c3f610bf.jpg,danaus_plexippus,0.64,0.61,,,0.84,0.69,,
TRAIN,PATH#c6f7ca51-341f-4c44-8de7-8807c3f610bf.jpg,danaus_plexippus,0.4,0.69,,,0.6,0.79,,
TRAIN,PATH#b1224a08-a8f5-4aba-95bf-f304bf2046fc.jpg,danaus_plexippus,0.41,0.25,,,0.61,0.57,,
TRAIN,PATH#a95fd3bd-32fb-4c12-9190-db1fca16a6d6.jpg,danaus_plexippus,0.34,0.4,,,0.54,0.57,,
TRAIN,PATH#a95fd3bd-32fb-4c12-9190-db1fca16a6d6.jpg,danaus_plexippus,0.64,0.66,,,0.84,0.73,,
TRAIN,PATH#a95fd3bd-32fb-4c12-9190-db1fca16a6d6.jpg,danaus_plexippus,0.42,0.44,,,0.62,0.64,,
TRAIN,PATH#a95fd3bd-32fb-4c12-9190-db1fca16a6d6.jpg,danaus_plexippus,0.21,0.68,,,0.41,0.8,,
TRAIN,PATH#a95fd3bd-32fb-4c12-9190-db1fca16a6d6.jpg,danaus_plexippus,0.33,0.37,,,0.53,0.53,,
TRAIN,PATH#9ae0293f-cd52-42ba-a5a4-26353d4e554b.jpg,danaus_plexippus,0.61,0.43,,,0.8,0.72,,
TRAIN,PATH#9ae0293f-cd52-42ba-a5a4-26353d4e554b.jpg,danaus_plexippus,0.33,0.6,,,0.53,0.67,,
TRAIN,PATH#9ae0293f-cd52-42ba-a5a4-26353d4e554b.jpg,danaus_plexippus,0.2,0.39,,,0.4,0.54,,
TRAIN,PATH#d8c122d6-dfc6-4f7b-87ac-9fc287e843d3.jpg,danaus_plexippus,0.38,0.56,,,0.58,0.62,,
TRAIN,PATH#d8c122d6-dfc6-4f7b-87ac-9fc287e843d3.jpg,danaus_plexippus,0.07,0.36,,,0.27,0.67,,
TRAIN,PATH#d8c122d6-dfc6-4f7b-87ac-9fc287e843d3.jpg,danaus_plexippus,0.66,0.53,,,0.86,0.6,,
TRAIN,PATH#99b6b456-81e9-49e2-a61d-0f1d4e2e7f72.jpg,danaus_plexippus,0.45,0.49,,,0.65,0.69,,
TRAIN,PATH#72b2f8d2-8877-4823-9965-4358e68496f3.jpg,danaus_plexippus,0.64,0.63,,,0.84,0.69,,
TRAIN,PATH#72b2f8d2-8877-4823-9965-4358e68496f3.jpg,danaus_plexippus,0.18,0.51,,,0.38,0.66,,
TRAIN,PATH#72b2f8d2-8877-4823-9965-4358e68496f3.jpg,danaus_plexippus,0.56,0.45,,,0.76,0.53,,
TRAIN,PATH#72b2f8d2-8877-4823-9965-4358e68496f3.jpg,danaus_plexippus,0.23,0.62,,,0.43,0.84,,
TRAIN,PATH#4384d40b-ab23-4e2f-9671-d98cb725fff1.jpg,danaus_plexippus,0.33,0.42,,,0.53,0.74,,
TRAIN,PATH#4384d40b-ab23-4e2f-9671-d98cb725fff1.jpg,danaus_plexippus,0.65,0.55,,,0.85,0.61,,
TRAIN,PATH#4384d40b-ab23-4e2f-9671-d98cb725fff1.jpg,danaus_plexippus,0.04,0.32,,,0.23,0.61,,
TRAIN,PATH#f1526d2a-c593-4244-8d83-0a96b67eaa64.jpg,danaus_plexippus,0.26,0.67,,,0.46,0.75,,
TRAIN,PATH#f1526d2a-c593-4244-8d83-0a96b67eaa64.jpg,danaus_plexippus,0.54,0.41,,,0.74,0.49,,
TRAIN,PATH#f1526d2a-c593-4244-8d83-0a96b67eaa64.jpg,danaus_plexippus,0.14,0.56,,,0.34,0.69,,
TRAIN,PATH#f1526d2a-c593-4244-8d83-0a96b67eaa64.jpg,danaus_plexippus,0.65,0.45,,,0.85,0.53,,
TRAIN,PATH#9cabbfe9-260f-426f-9512-a71b1de5c111.jpg,danaus_plexippus,0.14,0.58,,,0.34,0.64,,
TRAIN,PATH#9cabbfe9-260f-426f-9512-a71b1de5c111.jpg,danaus_plexippus,0.59,0.45,,,0.79,0.54,,
TRAIN,PATH#9cabbfe9-260f-426f-9512-a71b1de5c111.jpg,danaus_plexippus,0.01,0.65,,,0.21,0.79,,
TRAIN,PATH#e16cd645-3719-4135-ba4c-3699b14282ff.jpg,danaus_plexippus,0.11,0.33,,,0.31,0.51,,
TRAIN,PATH#e16cd645-3719-4135-ba4c-3699b14282ff.jpg,danaus_plexippus,0.52,0.4,,,0.72,0.5,,
TRAIN,PATH#26c15474-0cba-4ce5-be75-c72a22507c88.jpg,danaus_plexippus,0.61,0.66,,,0.81,0.77,,
TRAIN,PATH#26c15474-0cba-4ce5-be75-c72a22507c88.jpg,danaus_plexippus,0.15,0.53,,,0.35,0.64,,
TRAIN,PATH#4a5df417-eacc-40c8-a7f8-55a197f6f244.jpg,danaus_plexippus,0.39,0.29,,,0.59,0.59,,
TRAIN,PATH#4a5df417-eacc-40c8-a7f8-55a197f6f244.jpg,danaus_plexippus,0.06,0.63,,,0.26,0.68,,
TRAIN,PATH#3f57f149-ae19-4841-bce6-d476a6c51cb9.jpg,danaus_plexippus,0.36,0.68,,,0.56,0.88,,
TRAIN,PATH#3f57f149-ae19-4841-bce6-d476a6c51cb9.jpg,danaus_plexippus,0.59,0.51,,,0.79,0.65,,
TRAIN,PATH#3f57f149-ae19-4841-bce6-d476a6c51cb9.jpg,danaus_plexippus,0.16,0.33,,,0.36,0.64,,
TRAIN,PATH#209b1dde-b5bd-492d-837d-1faec14e6d37.jpg,danaus_plexippus,0.56,0.68,,,0.76,0.78,,
TRAIN,PATH#d06c7f52-91b2-4a89-91e3-961f2a510698.jpg,danaus_plexippus,0.65,0.42,,,0.85,0.55,,
TRAIN,PATH#d06c7f52-91b2-4a89-91e3-961f2a510698.jpg,danaus_plexippus,0.32,0.6,,,0.52,0.91,,
TRAIN,PATH#de87d3da-d23e-410d-b5dd-d3654ba6e8a3.jpg,danaus_plexippus,0.18,0.4,,,0.38,0.69,,
TRAIN,PATH#de87d3da-d23e-410d-b5dd-d3654ba6e8a3.jpg,danaus_plexippus,0.46,0.66,,,0.66,0.9,,
TRAIN,PATH#de87d3da-d23e-410d-b5dd-d3654ba6e8a3.jpg,danaus_plexippus,0.31,0.52,,,0.51,0.59,,
TRAIN,PATH#de87d3da-d23e-410d-b5dd-d3654ba6e8a3.jpg,danaus_plexippus,0.12,0.43,,,0.31,0.59,,
TRAIN,PATH#de87d3da-d23e-410d-b5dd-d3654ba6e8a3.jpg,danaus_plexippus,0.64,0.69,,,0.84,0.75,,
TRAIN,PATH#80ebf296-49c8-419b-a0c7-ad0e7259d582.jpg,danaus_plexippus,0.18,0.44,,,0.38,0.58,,
TRAIN,PATH#80ebf296-49c8-419b-a0c7-ad0e7259d582.jpg,danaus_plexippus,0.62,0.67,,,0.82,0.93,,
TRAIN,PATH#80ebf296-49c8-419b-a0c7-ad0e7259d582.jpg,danaus_plexippus,0.08,0.5,,,0.28,0.6,,
TRAIN,PATH#80ebf296-49c8-419b-a0c7-ad0e7259d582.jpg,danaus_plexippus,0.2,0.68,,,0.4,1.0,,
TRAIN,PATH#80ebf296-49c8-419b-a0c7-ad0e7259d582.jpg,danaus_plexippus,0.5,0.36,,,0.7,0.46,,
TRAIN,PATH#6d66a1f4-9d64-416b-818d-17cbef02d38f.jpg,danaus_plexippus,0.55,0.5,,,0.75,0.58,,
TRAIN,PATH#3274bb1c-7a8d-4af0-86d9-631918149550.jpg,danaus_plexippus,0.68,0.47,,,0.88,0.55,,
TRAIN,PATH#3274bb1c-7a8d-4af0-86d9-631918149550.jpg,danaus_plexippus,0.53,0.59,,,0.73,0.78,,
TRAIN,PATH#3274bb1c-7a8d-4af0-86d9-631918149550.jpg,danaus_plexippus,0.28,0.29,,,0.48,0.51,,
TRAIN,PATH#668ee1d5-a6d9-4a9b-94e3-1fe891bf61a7.jpg,danaus_plexippus,0.52,0.52,,,0.72,0.62,,
TRAIN,PATH#668ee1d5-a6d9-4a9b-94e3-1fe891bf61a7.jpg,danaus_plexippus,0.66,0.56,,,0.86,0.64,,
TRAIN,PATH#668ee1d5-a6d9-4a9b-94e3-1fe891bf61a7.jpg,danaus_plexippus,0.44,0.39,,,0.64,0.51,,
TRAIN,PATH#668ee1d5-a6d9-4a9b-94e3-1fe891bf61a7.jpg,danaus_plexippus,0.17,0.44,,,0.37,0.5,,
TRAIN,PATH#668ee1d5-a6d9-4a9b-94e3-1fe891bf61a7.jpg,danaus_plexippus,0.28,0.67,,,0.47,0.97,,
TRAIN,PATH#98c37a5b-3bae-4744-a881-c498c8162e59.jpg,danaus_plexippus,0.14,0.34,,,0.34,0.46,,
TRAIN,PATH#eac3549e-3afe-4faa-a8e6-5a12354aff07.jpg,danaus_plexippus,0.6,0.44,,,0.8,0.5,,
TRAIN,PATH#eac3549e-3afe-4faa-a8e6-5a12354aff07.jpg,danaus_plexippus,0.1,0.37,,,0.3,0.45,,
TRAIN,PATH#eac3549e-3afe-4faa-a8e6-5a12354aff07.jpg,danaus_plexippus,0.28,0.55,,,0.47,0.65,,
TRAIN,PATH#eac3549e-3afe-4faa-a8e6-5a12354aff07.jpg,danaus_plexippus,0.66,0.27,,,0.86,0.58,,
TRAIN,PATH#eac3549e-3afe-4faa-a8e6-5a12354aff07.jpg,danaus_plexippus,0.54,0.64,,,0.74,0.8,,
TRAIN,PATH#caef87cb-1fa4-4dfa-9a10-70bf2624be85.jpg,danaus_plexippus,0.6,0.54,,,0.79,0.62,,
TRAIN,PATH#a2301241-798e-447d-83ea-436cac349940.jpg,danaus_plexippus,0.69,0.66,,,0.89,0.92,,
TRAIN,PATH#a2301241-798e-447d-83ea-436cac349940.jpg,danaus_plexippus,0.29,0.62,,,0.49,0.68,,
TRAIN,PATH#a2301241-798e-447d-83ea-436cac349940.jpg,danaus_plexippus,0.63,0.52,,,0.83,0.62,,
TRAIN,PATH#a2301241-798e-447d-83ea-436cac349940.jpg,danaus_plexippus,0.11,0.25,,,0.31,0.55,,
TRAIN,PATH#05bf8905-98c9-4c22-9fdf-103373f05c5c.jpg,danaus_plexippus,0.34,0.42,,,0.54,0.73,,
TRAIN,PATH#05bf8905-98c9-4c22-9fdf-103373f05c5c.jpg,danaus_plexippus,0.55,0.6,,,0.75,0.85,,
TRAIN,PATH#05bf8905-98c9-4c22-9fdf-103373f05c5c.jpg,danaus_plexippus,0.29,0.41,,,0.49,0.46,,
TRAIN,PATH#649dcb1f-ac3b-4bc9-9111-0ddf27cc5742.jpg,danaus_plexippus,0.66,0.68,,,0.86,0.76,,
TRAIN,PATH#649dcb1f-ac3b-4bc9-9111-0ddf27cc5742.jpg,danaus_plexippus,0.06,0.62,,,0.26,0.71,,
TRAIN,PATH#649dcb1f-ac3b-4bc9-9111-0ddf27cc5742.jpg,danaus_plexippus,0.51,0.4,,,0.71,0.5,,
TRAIN,PATH#649dcb1f-ac3b-4bc9-9111-0ddf27cc5742.jpg,danaus_plexippus,0.41,0.67,,,0.61,0.77,,
TRAIN,PATH#649dcb1f-ac3b-4bc9-9111-0ddf27cc5742.jpg,danaus_plexippus,0.07,0.49,,,0.27,0.68,,
TRAIN,PATH#9c1e5869-12a9-402f-b74c-6dd61a947e51.jpg,danaus_plexippus,0.64,0.58,,,0.84,0.87,,
TRAIN,PATH#9c1e5869-12a9-402f-b74c-6dd61a947e51.jpg,danaus_plexippus,0.06,0.34,,,0.26,0.47,,
TRAIN,PATH#6cc654e3-a8bf-4aa0-95fa-216f000ff3d4.jpg,danaus_plexippus,0.55,0.57,,,0.75,0.65,,
TRAIN,PATH#6cc654e3-a8bf-4aa0-95fa-216f000ff3d4.jpg,danaus_plexippus,0.05,0.7,,,0.25,0.75,,
TRAIN,PATH#994efde4-0651-4427-86b3-15ba5e485465.jpg,danaus_plexippus,0.43,0.51,,,0.62,0.76,,
TRAIN,PATH#07777ab5-3963-4e6a-b315-b5e3e01c7654.jpg,danaus_plexippus,0.29,0.61,,,0.48,0.68,,
TRAIN,PATH#07777ab5-3963-4e6a-b315-b5e3e01c7654.jpg,danaus_plexippus,0.44,0.47,,,0.64,0.52,,
TRAIN,PATH#8cae8ed9-3f37-4b7b-9f68-9e0052dd176d.jpg,danaus_plexippus,0.23,0.6,,,0.43,0.68,,
TRAIN,PATH#8cae8ed9-3f37-4b7b-9f68-9e0052dd176d.jpg,danaus_plexippus,0.34,0.49,,,0.54,0.64,,
TRAIN,PATH#8cae8ed9-3f37-4b7b-9f68-9e0052dd176d.jpg,danaus_plexippus,0.16,0.42,,,0.36,0.53,,
TRAIN,PATH#8cae8ed9-3f37-4b7b-9f68-9e0052dd176d.jpg,danaus_plexippus,0.38,0.69,,,0.58,0.95,,
TRAIN,PATH#8cae8ed9-3f37-4b7b-9f68-9e0052dd176d.jpg,danaus_plexippus,0.21,0.51,,,0.41,0.8,,
TRAIN,PATH#d4f7130a-d46d-43cf-8dd1-e5cfb15c6cc9.jpg,danaus_plexippus,0.39,0.44,,,0.59,0.68,,
TRAIN,PATH#d4f7130a-d46d-43cf-8dd1-e5cfb15c6cc9.jpg,danaus_plexippus,0.06,0.62,,,0.26,0.81,,
TRAIN,PATH#d4f7130a-d46d-43cf-8dd1-e5cfb15c6cc9.jpg,danaus_plexippus,0.31,0.34,,,0.51,0.58,,
TRAIN,PATH#d4f7130a-d46d-43cf-8dd1-e5cfb15c6cc9.jpg,danaus_plexippus,0.45,0.66,,,0.64,0.72,,
TRAIN,PATH#2380024b-0dd2-4dbb-ae9f-70aa700fb3e8.jpg,danaus_plexippus,0.56,0.63,,,0.76,0.71,,
TRAIN,PATH#2380024b-0dd2-4dbb-ae9f-70aa700fb3e8.jpg,danaus_plexippus,0.35,0.42,,,0.54,0.74,,
TRAIN,PATH#2380024b-0dd2-4dbb-ae9f-70aa700fb3e8.jpg,danaus_plexippus,0.65,0.6,,,0.85,0.91,,
TRAIN,PATH#9a2aa077-7dfe-4350-b357-f3991b8705e8.jpg,danaus_plexippus,0.68,0.49,,,0.88,0.65,,
TRAIN,PATH#dcd90945-6b9b-471c-b5cb-41b432e66626.jpg,danaus_plexippus,0.2,0.68,,,0.4,0.94,,
TRAIN,PATH#dcd90945-6b9b-471c-b5cb-41b432e66626.jpg,danaus_plexippus,0.45,0.53,,,0.65,0.7,,
TRAIN,PATH#41a1ad8e-c032-4ec7-a990-34a4f61d5547.jpg,danaus_plexippus,0.43,0.42,,,0.63,0.52,,
TRAIN,PATH#41a1ad8e-c032-4ec7-a990-34a4f61d5547.jpg,danaus_plexippus,0.57,0.38,,,0.77,0.44,,
TRAIN,PATH#41a1ad8e-c032-4ec7-a990-34a4f61d5547.jpg,danaus_plexippus,0.02,0.56,,,0.22,0.85,,
TRAIN,PATH#41a1ad8e-c032-4ec7-a990-34a4f61d5547.jpg,danaus_plexippus,0.41,0.69,,,0.61,0.77,,
TRAIN,PATH#60763fec-a395-4ee6-95dc-8e5ece5ae176.jpg,danaus_plexippus,0.39,0.41,,,0.59,0.62,,
TRAIN,PATH#23d50e4b-340f-4da9-a2ae-b09a36a6e992.jpg,danaus_plexippus,0.49,0.49,,,0.69,0.69,,
TRAIN,PATH#8eea3ad0-6dd7-4147-8a2c-a361999eac68.jpg,danaus_plexippus,0.35,0.38,,,0.55,0.64,,
TRAIN,PATH#8eea3ad0-6dd7-4147-8a2c-a361999eac68.jpg,danaus_plexippus,0.18,0.61,,,0.38,0.71,,
TRAIN,PATH#8eea3ad0-6dd7-4147-8a2c-a361999eac68.jpg,danaus_plexippus,0.67,0.46,,,0.87,0.64,,
TRAIN,PATH#8eea3ad0-6dd7-4147-8a2c-a361999eac68.jpg,danaus_plexippus,0.44,0.56,,,0.64,0.63,,
TRAIN,PATH#ad9846b5-3863-4288-964e-c6f11f7ffe7d.jpg,danaus_plexippus,0.6,0.69,,,0.8,0.75,,
TRAIN,PATH#49ec6fa1-8fea-47a0-889b-03c650eae53d.jpg,danaus_plexippus,0.39,0.59,,,0.59,0.65,,
TRAIN,PATH#f354f31b-9419-4943-89b4-2daa0115acff.jpg,danaus_plexippus,0.5,0.43,,,0.7,0.56,,
TRAIN,PATH#f354f31b-9419-4943-89b4-2daa0115acff.jpg,danaus_plexippus,0.22,0.68,,,0.42,0.84,,
TRAIN,PATH#f354f31b-9419-4943-89b4-2daa0115acff.jpg,danaus_plexippus,0.56,0.4,,,0.76,0.69,,
TRAIN,PATH#f354f31b-9419-4943-89b4-2daa0115acff.jpg,danaus_plexippus,0.37,0.63,,,0.57,0.78,,
TRAIN,PATH#551a7783-bdf4-48d6-adea-8268cb345020.jpg,danaus_plexippus,0.17,0.5,,,0.37,0.65,,
TRAIN,PATH#551a7783-bdf4-48d6-adea-8268cb345020.jpg,danaus_plexippus,0.41,0.64,,,0.61,0.79,,
TRAIN,PATH#551a7783-bdf4-48d6-adea-8268cb345020.jpg,danaus_plexippus,0.2,0.41,,,0.39,0.73,,
TRAIN,PATH#ae0f4dd7-80b8-4842-8415-7ccd01bdc7eb.jpg,danaus_plexippus,0.11,0.48,,,0.31,0.75,,
TRAIN,PATH#ae0f4dd7-80b8-4842-8415-7ccd01bdc7eb.jpg,danaus_plexippus,0.26,0.29,,,0.46,0.6,,
TRAIN,PATH#ae0f4dd7-80b8-4842-8415-7ccd01bdc7eb.jpg,danaus_plexippus,0.47,0.57,,,0.67,0.73,,
TRAIN,PATH#883dd116-7ebf-4bb4-b53f-c2392fe692d0.jpg,danaus_plexippus,0.63,0.69,,,0.83,0.75,,
TRAIN,PATH#883dd116-7ebf-4bb4-b53f-c2392fe692d0.jpg,danaus_plexippus,0.52,0.42,,,0.72,0.59,,
TRAIN,PATH#883dd116-7ebf-4bb4-b53f-c2392fe692d0.jpg,danaus_plexippus,0.34,0.5,,,0.54,0.56,,
TRAIN,PATH#883dd116-7ebf-4bb4-b53f-c2392fe692d0.jpg,danaus_plexippus,0.03,0.68,,,0.23,0.82,,
TRAIN,PATH#883dd116-7ebf-4bb4-b53f-c2392fe692d0.jpg,danaus_plexippus,0.28,0.37,,,0.48,0.58,,
TRAIN,PATH#8f029b78-dd0a-4f5f-a51f-c85fbe679c2f.jpg,danaus_plexippus,0.68,0.47,,,0.88,0.63,,
TRAIN,PATH#5bd649e2-72eb-4cda-b591-0676ea4b4d35.jpg,danaus_plexippus,0.29,0.6,,,0.49,0.66,,
TRAIN,PATH#5bd649e2-72eb-4cda-b591-0676ea4b4d35.jpg,danaus_plexippus,0.6,0.29,,,0.8,0.6,,
TRAIN,PATH#5bd649e2-72eb-4cda-b591-0676ea4b4d35.jpg,danaus_plexippus,0.32,0.7,,,0.52,0.82,,
TRAIN,PATH#832083d1-4bdd-45ef-b33c-3cf21bafdcdd.jpg,danaus_plexippus,0.53,0.55,,,0.73,0.64,,
TRAIN,PATH#832083d1-4bdd-45ef-b33c-3cf21bafdcdd.jpg,danaus_plexippus,0.69,0.69,,,0.89,0.75,,
TRAIN,PATH#832083d1-4bdd-45ef-b33c-3cf21bafdcdd.jpg,danaus_plexippus,0.5,0.4,,,0.7,0.46,,
TRAIN,PATH#578a40b2-a367-484e-a5a9-c1703ef993d9.jpg,danaus_plexippus,0.28,0.49,,,0.48,0.76,,
TRAIN,PATH#578a40b2-a367-484e-a5a9-c1703ef993d9.jpg,danaus_plexippus,0.0,0.68,,,0.2,0.97,,
TRAIN,PATH#578a40b2-a367-484e-a5a9-c1703ef993d9.jpg,danaus_plexippus,0.11,0.5,,,0.31,0.56,,
TRAIN,PATH#ff1d6dd9-7a76-4320-801b-f69c61ec67e8.jpg,danaus_plexippus,0.57,0.42,,,0.77,0.56,,
TRAIN,PATH#ff1d6dd9-7a76-4320-801b-f69c61ec67e8.jpg,danaus_plexippus,0.04,0.25,,,0.24,0.56,,
TRAIN,PATH#ff1d6dd9-7a76-4320-801b-f69c61ec67e8.jpg,danaus_plexippus,0.5,0.44,,,0.7,0.5,,
TRAIN,PATH#ff1d6dd9-7a76-4320-801b-f69c61ec67e8.jpg,danaus_plexippus,0.22,0.58,,,0.42,0.7,,
TRAIN,PATH#ad016130-a65b-49b7-a31d-bbfaa9b06c62.jpg,danaus_plexippus,0.61,0.48,,,0.81,0.67,,
TRAIN,PATH#ad016130-a65b-49b7-a31d-bbfaa9b06c62.jpg,danaus_plexippus,0.19,0.31,,,0.39,0.63,,
TRAIN,PATH#ad016130-a65b-49b7-a31d-bbfaa9b06c62.jpg,danaus_plexippus,0.44,0.58,,,0.64,0.74,,
TRAIN,PATH#ad016130-a65b-49b7-a31d-bbfaa9b06c62.jpg,danaus_plexippus,0.08,0.43,,,0.28,0.59,,
TRAIN,PATH#ad016130-a65b-49b7-a31d-bbfaa9b06c62.jpg,danaus_plexippus,0.22,0.59,,,0.42,0.88,,
TRAIN,PATH#abf0c054-562b-424d-ab1f-72512ca0c4dd.jpg,danaus_plexippus,0.17,0.4,,,0.37,0.45,,
TRAIN,PATH#abf0c054-562b-424d-ab1f-72512ca0c4dd.jpg,danaus_plexippus,0.37,0.5,,,0.57,0.57,,
TRAIN,PATH#abf0c054-562b-424d-ab1f-72512ca0c4dd.jpg,danaus_plexippus,0.62,0.39,,,0.82,0.58,,
TRAIN,PATH#abf0c054-562b-424d-ab1f-72512ca0c4dd.jpg,danaus_plexippus,0.02,0.59,,,0.22,0.66,,
TRAIN,PATH#abf0c054-562b-424d-ab1f-72512ca0c4dd.jpg,danaus_plexippus,0.63,0.42,,,0.83,0.48,,
TRAIN,PATH#6fb1167f-c136-46e1-a31b-0b1de82d8847.jpg,danaus_plexippus,0.64,0.44,,,0.84,0.51,,
TRAIN,PATH#6fb1167f-c136-46e1-a31b-0b1de82d8847.jpg,danaus_plexippus,0.47,0.68,,,0.67,0.78,,
TRAIN,PATH#6fb1167f-c136-46e1-a31b-0b1de82d8847.jpg,danaus_plexippus,0.1,0.37,,,0.3,0.43,,
TRAIN,PATH#926c90b9-3d48-4f04-8c59-62fad4c02871.jpg,danaus_plexippus,0.4,0.61,,,0.6,0.67,,
TRAIN,PATH#926c90b9-3d48-4f04-8c59-62fad4c02871.jpg,danaus_plexippus,0.55,0.44,,,0.75,0.62,,
TRAIN,PATH#926c90b9-3d48-4f04-8c59-62fad4c02871.jpg,danaus_plexippus,0.37,0.63,,,0.57,0.9,,
TRAIN,PATH#926c90b9-3d48-4f04-8c59-62fad4c02871.jpg,danaus_plexippus,0.22,0.35,,,0.42,0.66,,
TRAIN,PATH#926c90b9-3d48-4f04-8c59-62fad4c02871.jpg,danaus_plexippus,0.42,0.55,,,0.62,0.63,,
TRAIN,PATH#dc97a085-755b-422d-8da7-b9ef4365af1f.jpg,danaus_plexippus,0.29,0.5,,,0.49,0.68,,
TRAIN,PATH#4d58a873-51b8-41ce-aa1b-c03682ea02ed.jpg,danaus_plexippus,0.6,0.64,,,0.79,0.73,,
TRAIN,PATH#cd1c4e42-56c5-40a3-9dec-89a014ae7964.jpg,danaus_plexippus,0.23,0.45,,,0.43,0.77,,
TRAIN,PATH#cd1c4e42-56c5-40a3-9dec-89a014ae7964.jpg,danaus_plexippus,0.13,0.3,,,0.33,0.58,,
TRAIN,PATH#2cea80dd-afaf-4be1-83ff-b2ea4470815a.jpg,danaus_plexippus,0.12,0.41,,,0.32,0.55,,
TRAIN,PATH#2cea80dd-afaf-4be1-83ff-b2ea4470815a.jpg,danaus_plexippus,0.48,0.69,,,0.68,0.91,,
TRAIN,PATH#2cea80dd-afaf-4be1-83ff-b2ea4470815a.jpg,danaus_plexippus,0.36,0.38,,,0.56,0.51,,
TRAIN,PATH#2cea80dd-afaf-4be1-83ff-b2ea4470815a.jpg,danaus_plexippus,0.03,0.62,,,0.23,0.72,,
TRAIN,PATH#a41848b9-77bc-45e5-b2a8-803b72d7b203.jpg,danaus_plexippus,0.35,0.61,,,0.55,0.68,,
TRAIN,PATH#99701499-7009-4704-b486-792395710a42.jpg,danaus_plexippus,0.27,0.55,,,0.47,0.6,,
TRAIN,PATH#99701499-7009-4704-b486-792395710a42.jpg,danaus_plexippus,0.5,0.39,,,0.7,0.46,,
TRAIN,PATH#99701499-7009-4704-b486-792395710a42.jpg,danaus_plexippus,0.61,0.66,,,0.81,0.74,,
TRAIN,PATH#1f6974a0-8dcc-45f1-99b0-9d23633141dc.jpg,danaus_plexippus,0.24,0.61,,,0.44,0.71,,
TRAIN,PATH#1f6974a0-8dcc-45f1-99b0-9d23633141dc.jpg,danaus_plexippus,0.4,0.52,,,0.6,0.62,,
TRAIN,PATH#1f6974a0-8dcc-45f1-99b0-9d23633141dc.jpg,danaus_plexippus,0.21,0.64,,,0.41,0.7,,
TRAIN,PATH#1f6974a0-8dcc-45f1-99b0-9d23633141dc.jpg,danaus_plexippus,0.49,0.35,,,0.69,0.48,,
TRAIN,PATH#1f6974a0-8dcc-45f1-99b0-9d23633141dc.jpg,danaus_plexippus,0.26,0.5,,,0.46,0.63,,
TRAIN,PATH#03d1a4a1-0f16-486f-a415-9d15f15291b3.jpg,danaus_plexippus,0.51,0.61,,,0.71,0.68,,
TRAIN,PATH#03d1a4a1-0f16-486f-a415-9d15f15291b3.jpg,danaus_plexippus,0.18,0.53,,,0.38,0.65,,
TRAIN,PATH#03d1a4a1-0f16-486f-a415-9d15f15291b3.jpg,danaus_plexippus,0.63,0.29,,,0.83,0.61,,
TRAIN,PATH#03d1a4a1-0f16-486f-a415-9d15f15291b3.jpg,danaus_plexippus,0.15,0.68,,,0.35,0.91,,
TRAIN,PATH#95632a2f-ae52-4e4b-a0da-acb8814554e8.jpg,danaus_plexippus,0.49,0.63,,,0.69,0.94,,
TRAIN,PATH#95632a2f-ae52-4e4b-a0da-acb8814554e8.jpg,danaus_plexippus,0.7,0.34,,,0.89,0.6,,
TRAIN,PATH#95632a2f-ae52-4e4b-a0da-acb8814554e8.jpg,danaus_plexippus,0.25,0.54,,,0.45,0.82,,
TRAIN,PATH#59fa163a-9944-42b3-bce0-7c826d2f419b.jpg,danaus_plexippus,0.45,0.33,,,0.65,0.51,,
TRAIN,PATH#bae9f569-7a92-4a72-bd90-db26152ef0cd.jpg,danaus_plexippus,0.17,0.44,,,0.37,0.53,,
TRAIN,PATH#bae9f569-7a92-4a72-bd90-db26152ef0cd.jpg,danaus_plexippus,0.67,0.25,,,0.87,0.56,,
TRAIN,PATH#bae9f569-7a92-4a72-bd90-db26152ef0cd.jpg,danaus_plexippus,0.21,0.69,,,0.41,0.76,,
TRAIN,PATH#bae9f569-7a92-4a72-bd90-db26152ef0cd.jpg,danaus_plexippus,0.66,0.44,,,0.86,0.62,,
TRAIN,PATH#bae9f569-7a92-4a72-bd90-db26152ef0cd.jpg,danaus_plexippus,0.14,0.63,,,0.34,0.87,,
TRAIN,PATH#dd9a7953-37cb-4e7f-83bd-13d07647017c.jpg,danaus_plexippus,0.34,0.39,,,0.54,0.47,,
TRAIN,PATH#dd9a7953-37cb-4e7f-83bd-13d07647017c.jpg,danaus_plexippus,0.59,0.68,,,0.79,0.94,,
TRAIN,PATH#975d0550-c199-4586-89c7-306dd4f0c8fa.jpg,danaus_plexippus,0.11,0.49,,,0.31,0.65,,
TRAIN,PATH#2c057e25-083a-472b-9e55-c17e2b913394.jpg,danaus_plexippus,0.13,0.62,,,0.33,0.93,,
TRAIN,PATH#2c057e25-083a-472b-9e55-c17e2b913394.jpg,danaus_plexippus,0.46,0.5,,,0.66,0.72,,
TRAIN,PATH#2c057e25-083a-472b-9e55-c17e2b913394.jpg,danaus_plexippus,0.04,0.4,,,0.24,0.46,,
TRAIN,PATH#4cd5d45e-9c92-495a-a39c-450ea1ac28f5.jpg,danaus_plexippus,0.29,0.48,,,0.48,0.76,,
TRAIN,PATH#4cd5d45e-9c92-495a-a39c-450ea1ac28f5.jpg,danaus_plexippus,0.06,0.4,,,0.26,0.46,,
TRAIN,PATH#4cd5d45e-9c92-495a-a39c-450ea1ac28f5.jpg,danaus_plexippus,0.64,0.64,,,0.84,0.86,,
TRAIN,PATH#4cd5d45e-9c92-495a-a39c-450ea1ac28f5.jpg,danaus_plexippus,0.1,0.53,,,0.3,0.73,,
TRAIN,PATH#4cd5d45e-9c92-495a-a39c-450ea1ac28f5.jpg,danaus_plexippus,0.49,0.43,,,0.69,0.53,,
TRAIN,PATH#0fce51bb-0f91-40b0-a5bb-3c997cc9fd32.jpg,danaus_plexippus,0.5,0.6,,,0.7,0.76,,
TRAIN,PATH#0fce51bb-0f91-40b0-a5bb-3c997cc9fd32.jpg,danaus_plexippus,0.12,0.42,,,0.32,0.73,,
TRAIN,PATH#0fce51bb-0f91-40b0-a5bb-3c997cc9fd32.jpg,danaus_plexippus,0.54,0.31,,,0.74,0.49,,
TRAIN,PATH#0fce51bb-0f91-40b0-a5bb-3c997cc9fd32.jpg,danaus_plexippus,0.17,0.37,,,0.37,0.43,,
TRAIN,PATH#0fce51bb-0f91-40b0-a5bb-3c997cc9fd32.jpg,danaus_plexippus,0.05,0.65,,,0.25,0.95,,
TRAIN,PATH#686115a5-f7cb-4fa0-8d47-808c80e9c360.jpg,danaus_plexippus,0.44,0.6,,,0.64,0.83,,
TRAIN,PATH#686115a5-f7cb-4fa0-8d47-808c80e9c360.jpg,danaus_plexippus,0.59,0.46,,,0.79,0.73,,
TRAIN,PATH#686115a5-f7cb-4fa0-8d47-808c80e9c360.jpg,danaus_plexippus,0.25,0.66,,,0.45,0.96,,
TRAIN,PATH#eff98509-3178-482e-be1a-f4e40715aad4.jpg,danaus_plexippus,0.29,0.38,,,0.48,0.52,,
TRAIN,PATH#eff98509-3178-482e-be1a-f4e40715aad4.jpg,danaus_plexippus,0.55,0.5,,,0.75,0.72,,
TRAIN,PATH#0577e3f2-d8b8-4600-9470-5779d665c4c5.jpg,danaus_plexippus,0.62,0.3,,,0.82,0.53,,
TRAIN,PATH#0577e3f2-d8b8-4600-9470-5779d665c4c5.jpg,danaus_plexippus,0.09,0.48,,,0.29,0.65,,
TRAIN,PATH#0577e3f2-d8b8-4600-9470-5779d665c4c5.jpg,danaus_plexippus,0.27,0.37,,,0.47,0.51,,
TRAIN,PATH#0577e3f2-d8b8-4600-9470-5779d665c4c5.jpg,danaus_plexippus,0.01,0.65,,,0.21,0.8,,
TRAIN,PATH#4c849679-939a-4dbe-970f-cceddd5b62a6.jpg,danaus_plexippus,0.39,0.63,,,0.59,0.69,,
TRAIN,PATH#35ac763b-d317-41c3-8ad1-2df09a9bb63f.jpg,danaus_plexippus,0.24,0.47,,,0.44,0.78,,
TRAIN,PATH#9cf96791-bd95-4b5c-9cc7-de3a9dce2c52.jpg,danaus_plexippus,0.66,0.38,,,0.86,0.44,,
TRAIN,PATH#9cf96791-bd95-4b5c-9cc7-de3a9dce2c52.jpg,danaus_plexippus,0.3,0.69,,,0.5,0.77,,
TRAIN,PATH#9cf96791-bd95-4b5c-9cc7-de3a9dce2c52.jpg,danaus_plexippus,0.04,0.43,,,0.24,0.7,,
TRAIN,PATH#9cf96791-bd95-4b5c-9cc7-de3a9dce2c52.jpg,danaus_plexippus,0.66,0.69,,,0.86,0.76,,
TRAIN,PATH#9cf96791-bd95-4b5c-9cc7-de3a9dce2c52.jpg,danaus_plexippus,0.4,0.31,,,0.6,0.53,,
TRAIN,PATH#64e38840-d13e-4f34-90c1-0a52c3b5a167.jpg,danaus_plexippus,0.27,0.56,,,0.47,0.66,,
TRAIN,PATH#64e38840-d13e-4f34-90c1-0a52c3b5a167.jpg,danaus_plexippus,0.01,0.66,,,0.21,0.84,,
TRAIN,PATH#64e38840-d13e-4f34-90c1-0a52c3b5a167.jpg,danaus_plexippus,0.21,0.44,,,0.4,0.64,,
TRAIN,PATH#64e38840-d13e-4f34-90c1-0a52c3b5a167.jpg,danaus_plexippus,0.69,0.69,,,0.89,0.75,,
TRAIN,PATH#f1ed6cea-d399-411d-b16f-9318c76cdd30.jpg,danaus_plexippus,0.11,0.33,,,0.31,0.65,,
TRAIN,PATH#f1ed6cea-d399-411d-b16f-9318c76cdd30.jpg,danaus_plexippus,0.41,0.54,,,0.61,0.76,,
TRAIN,PATH#f1ed6cea-d399-411d-b16f-9318c76cdd30.jpg,danaus_plexippus,0.17,0.33,,,0.37,0.59,,
TRAIN,PATH#f1ed6cea-d399-411d-b16f-9318c76cdd30.jpg,danaus_plexippus,0.63,0.39,,,0.83,0.45,,
TRAIN,PATH#f1ed6cea-d399-411d-b16f-9318c76cdd30.jpg,danaus_plexippus,0.1,0.64,,,0.3,0.72,,
TRAIN,PATH#480ba2ef-ddd5-4d98-b521-52f24fdbc941.jpg,danaus_plexippus,0.26,0.39,,,0.46,0.46,,
TRAIN,PATH#480ba2ef-ddd5-4d98-b521-52f24fdbc941.jpg,danaus_plexippus,0.45,0.57,,,0.65,0.66,,
TRAIN,PATH#480ba2ef-ddd5-4d98-b521-52f24fdbc941.jpg,danaus_plexippus,0.27,0.37,,,0.47,0.53,,
TRAIN,PATH#480ba2ef-ddd5-4d98-b521-52f24fdbc941.jpg,danaus_plexippus,0.69,0.57,,,0.89,0.77,,
TRAIN,PATH#ecbdef04-bcd9-464f-9e91-7fbba04931ff.jpg,danaus_plexippus,0.46,0.54,,,0.66,0.82,,
TRAIN,PATH#ecbdef04-bcd9-464f-9e91-7fbba04931ff.jpg,danaus_plexippus,0.12,0.62,,,0.32,0.68,,
TRAIN,PATH#ecbdef04-bcd9-464f-9e91-7fbba04931ff.jpg,danaus_plexippus,0.49,0.55,,,0.69,0.61,,
TRAIN,PATH#34ed9dbe-6d37-49ed-a515-5cd333856340.jpg,danaus_plexippus,0.42,0.53,,,0.62,0.63,,
TRAIN,PATH#34ed9dbe-6d37-49ed-a515-5cd333856340.jpg,danaus_plexippus,0.08,0.66,,,0.28,0.87,,
TRAIN,PATH#34ed9dbe-6d37-49ed-a515-5cd333856340.jpg,danaus_plexippus,0.66,0.6,,,0.86,0.66,,
TRAIN,PATH#34ed9dbe-6d37-49ed-a515-5cd333856340.jpg,danaus_plexippus,0.05,0.52,,,0.25,0.58,,
TRAIN,PATH#cf0fcb90-3a48-41d1-bf1a-b11ea835e2a8.jpg,danaus_plexippus,0.64,0.28,,,0.84,0.59,,
TRAIN,PATH#cf0fcb90-3a48-41d1-bf1a-b11ea835e2a8.jpg,danaus_plexippus,0.01,0.65,,,0.21,0.83,,
TRAIN,PATH#cf0fcb90-3a48-41d1-bf1a-b11ea835e2a8.jpg,danaus_plexippus,0.23,0.49,,,0.43,0.56,,
TRAIN,PATH#29c133c4-13b4-4c0b-8351-9bac78d6857e.jpg,danaus_plexippus,0.26,0.43,,,0.46,0.67,,
TRAIN,PATH#29c133c4-13b4-4c0b-8351-9bac78d6857e.jpg,danaus_plexippus,0.69,0.6,,,0.89,0.9,,
TRAIN,PATH#29c133c4-13b4-4c0b-8351-9bac78d6857e.jpg,danaus_plexippus,0.02,0.41,,,0.22,0.47,,
TRAIN,PATH#29c133c4-13b4-4c0b-8351-9bac78d6857e.jpg,danaus_plexippus,0.33,0.64,,,0.53,0.9,,
TRAIN,PATH#29c133c4-13b4-4c0b-8351-9bac78d6857e.jpg,danaus_plexippus,0.52,0.33,,,0.72,0.59,,
TRAIN,PATH#0660e937-386a-4cc7-b76d-230f75c73d1c.jpg,danaus_plexippus,0.3,0.36,,,0.5,0.6,,
TRAIN,PATH#0660e937-386a-4cc7-b76d-230f75c73d1c.jpg,danaus_plexippus,0.0,0.65,,,0.2,0.73,,
TRAIN,PATH#0660e937-386a-4cc7-b76d-230f75c73d1c.jpg,danaus_plexippus,0.25,0.36,,,0.45,0.46,,
TRAIN,PATH#0660e937-386a-4cc7-b76d-230f75c73d1c.jpg,danaus_plexippus,0.5,0.67,,,0.7,0.74,,
TRAIN,PATH#4626c09e-4840-4099-984c-869d74a1ada8.jpg,danaus_plexippus,0.22,0.47,,,0.42,0.63,,
TRAIN,PATH#4626c09e-4840-4099-984c-869d74a1ada8.jpg,danaus_plexippus,0.05,0.37,,,0.25,0.55,,
TRAIN,PATH#3e37049f-d148-4f79-9647-8221be4fe3c8.jpg,danaus_plexippus,0.13,0.36,,,0.33,0.67,,
TRAIN,PATH#3e37049f-d148-4f79-9647-8221be4fe3c8.jpg,danaus_plexippus,0.49,0.62,,,0.69,0.75,,
TRAIN,PATH#3e37049f-d148-4f79-9647-8221be4fe3c8.jpg,danaus_plexippus,0.04,0.45,,,0.24,0.5,,
TRAIN,PATH#3e37049f-d148-4f79-9647-8221be4fe3c8.jpg,danaus_plexippus,0.68,0.65,,,0.88,0.95,,
TRAIN,PATH#333d3f88-d996-4602-aa96-71b155617af7.jpg,danaus_plexippus,0.42,0.62,,,0.62,0.94,,
TRAIN,PATH#333d3f88-d996-4602-aa96-71b155617af7.jpg,danaus_plexippus,0.61,0.48,,,0.8,0.54,,
TRAIN,PATH#333d3f88-d996-4602-aa96-71b155617af7.jpg,danaus_plexippus,0.09,0.66,,,0.29,0.85,,
TRAIN,PATH#333d3f88-d996-4602-aa96-71b155617af7.jpg,danaus_plexippus,0.32,0.57,,,0.52,0.68,,
TRAIN,PATH#7b486ea4-9741-4d73-b9ef-a3823a8aceeb.jpg,danaus_plexippus,0.25,0.65,,,0.45,0.71,,
TRAIN,PATH#7b486ea4-9741-4d73-b9ef-a3823a8aceeb.jpg,danaus_plexippus,0.53,0.52,,,0.72,0.59,,
TRAIN,PATH#7b486ea4-9741-4d73-b9ef-a3823a8aceeb.jpg,danaus_plexippus,0.31,0.59,,,0.51,0.65,,
TRAIN,PATH#7b486ea4-9741-4d73-b9ef-a3823a8aceeb.jpg,danaus_plexippus,0.09,0.32,,,0.29,0.62,,
TRAIN,PATH#cfa1b1ba-eaef-4dee-b082-3b55e2496c57.jpg,danaus_plexippus,0.33,0.44,,,0.53,0.66,,
TRAIN,PATH#cfa1b1ba-eaef-4dee-b082-3b55e2496c57.jpg,danaus_plexippus,0.06,0.41,,,0.26,0.47,,
TRAIN,PATH#cfa1b1ba-eaef-4dee-b082-3b55e2496c57.jpg,danaus_plexippus,0.23,0.54,,,0.43,0.7,,
TRAIN,PATH#cfa1b1ba-eaef-4dee-b082-3b55e2496c57.jpg,danaus_plexippus,0.05,0.45,,,0.25,0.61,,
TRAIN,PATH#9a806ab4-9d08-45ef-812c-27e74b90279a.jpg,danaus_plexippus,0.62,0.57,,,0.81,0.63,,
TRAIN,PATH#9a806ab4-9d08-45ef-812c-27e74b90279a.jpg,danaus_plexippus,0.19,0.46,,,0.39,0.63,,
TRAIN,PATH#9a806ab4-9d08-45ef-812c-27e74b90279a.jpg,danaus_plexippus,0.37,0.62,,,0.56,0.93,,
TRAIN,PATH#9a806ab4-9d08-45ef-812c-27e74b90279a.jpg,danaus_plexippus,0.23,0.45,,,0.43,0.66,,
TRAIN,PATH#9a806ab4-9d08-45ef-812c-27e74b90279a.jpg,danaus_plexippus,0.58,0.67,,,0.78,0.94,,
TRAIN,PATH#53a79781-a19d-4e96-bddf-06465524df3c.jpg,danaus_plexippus,0.54,0.45,,,0.73,0.76,,
TRAIN,PATH#fba0a9d6-0ed2-4208-ab9b-2774f23cea31.jpg,danaus_plexippus,0.59,0.37,,,0.79,0.48,,
TRAIN,PATH#fba0a9d6-0ed2-4208-ab9b-2774f23cea31.jpg,danaus_plexippus,0.36,0.64,,,0.56,0.73,,
TRAIN,PATH#fba0a9d6-0ed2-4208-ab9b-2774f23cea31.jpg,danaus_plexippus,0.18,0.58,,,0.38,0.68,,
TRAIN,PATH#fba0a9d6-0ed2-4208-ab9b-2774f23cea31.jpg,danaus_plexippus,0.62,0.26,,,0.82,0.55,,
TRAIN,PATH#91383741-d73b-4d39-8f17-b01434652a8f.jpg,danaus_plexippus,0.44,0.57,,,0.64,0.66,,
TRAIN,PATH#85dc346a-8d51-4061-95e3-1eb469814e10.jpg,danaus_plexippus,0.36,0.45,,,0.56,0.53,,
TRAIN,PATH#85dc346a-8d51-4061-95e3-1eb469814e10.jpg,danaus_plexippus,0.61,0.58,,,0.8,0.64,,
TRAIN,PATH#6d7f9854-c7d2-4321-ba94-f7d194416c5c.jpg,danaus_plexippus,0.22,0.55,,,0.42,0.61,,
TRAIN,PATH#6d7f9854-c7d2-4321-ba94-f7d194416c5c.jpg,danaus_plexippus,0.49,0.45,,,0.69,0.52,,
TRAIN,PATH#6d7f9854-c7d2-4321-ba94-f7d194416c5c.jpg,danaus_plexippus,0.28,0.62,,,0.48,0.82,,
TRAIN,PATH#6d7f9854-c7d2-4321-ba94-f7d194416c5c.jpg,danaus_plexippus,0.67,0.4,,,0.87,0.49,,
TRAIN,PATH#8648636c-846f-4774-944e-0a53ddbb8f70.jpg,danaus_plexippus,0.55,0.32,,,0.75,0.48,,
TRAIN,PATH#30f73701-8dfa-49f8-8988-5102bf7b608d.jpg,danaus_plexippus,0.42,0.47,,,0.62,0.77,,
TRAIN,PATH#8e283ee2-d2c2-4c88-b003-8c2976e1b195.jpg,danaus_plexippus,0.53,0.49,,,0.73,0.62,,
TRAIN,PATH#8e283ee2-d2c2-4c88-b003-8c2976e1b195.jpg,danaus_plexippus,0.14,0.37,,,0.34,0.49,,
TRAIN,PATH#8e283ee2-d2c2-4c88-b003-8c2976e1b195.jpg,danaus_plexippus,0.24,0.45,,,0.44,0.51,,
TRAIN,PATH#8e283ee2-d2c2-4c88-b003-8c2976e1b195.jpg,danaus_plexippus,0.59,0.67,,,0.79,0.96,,
TRAIN,PATH#8e283ee2-d2c2-4c88-b003-8c2976e1b195.jpg,danaus_plexippus,0.07,0.47,,,0.27,0.55,,
TRAIN,PATH#03b7e089-95f1-47a9-a360-d7951c0af53f.jpg,danaus_plexippus,0.29,0.44,,,0.48,0.53,,
TRAIN,PATH#8e0346f5-7379-4931-9501-4abd221603ef.jpg,danaus_plexippus,0.49,0.55,,,0.69,0.84,,
TRAIN,PATH#06989466-1a75-40fc-86f2-22e16cd61bb8.jpg,danaus_plexippus,0.53,0.63,,,0.73,0.88,,
TRAIN,PATH#06989466-1a75-40fc-86f2-22e16cd61bb8.jpg,danaus_plexippus,0.35,0.39,,,0.55,0.7,,
TRAIN,PATH#06989466-1a75-40fc-86f2-22e16cd61bb8.jpg,danaus_plexippus,0.65,0.47,,,0.85,0.58,,
TRAIN,PATH#06989466-1a75-40fc-86f2-22e16cd61bb8.jpg,danaus_plexippus,0.4,0.69,,,0.6,0.88,,
TRAIN,PATH#87058456-3b6f-4a26-b55c-6a0e90ab3116.jpg,danaus_plexippus,0.61,0.58,,,0.8,0.69,,
TRAIN,PATH#71b9f3d9-ee7f-4690-88e5-f706fc485d20.jpg,danaus_plexippus,0.12,0.55,,,0.32,0.86,,
TRAIN,PATH#71b9f3d9-ee7f-4690-88e5-f706fc485d20.jpg,danaus_plexippus,0.32,0.47,,,0.52,0.59,,
TRAIN,PATH#6a6e7f5c-2481-4484-8dcb-f0e1d6337bd0.jpg,danaus_plexippus,0.15,0.39,,,0.35,0.44,,
TRAIN,PATH#2b3c33f4-cbc3-4754-98d1-deb6b087d803.jpg,danaus_plexippus,0.52,0.38,,,0.72,0.43,,
TRAIN,PATH#2b3c33f4-cbc3-4754-98d1-deb6b087d803.jpg,danaus_plexippus,0.42,0.65,,,0.62,0.72,,
TRAIN,PATH#ed4037ae-9c35-46f7-a8d2-cf6765f5ebe6.jpg,danaus_plexippus,0.59,0.47,,,0.79,0.53,,
TRAIN,PATH#ed4037ae-9c35-46f7-a8d2-cf6765f5ebe6.jpg,danaus_plexippus,0.33,0.27,,,0.53,0.57,,
TRAIN,PATH#ed4037ae-9c35-46f7-a8d2-cf6765f5ebe6.jpg,danaus_plexippus,0.21,0.48,,,0.41,0.65,,
TRAIN,PATH#ed4037ae-9c35-46f7-a8d2-cf6765f5ebe6.jpg,danaus_plexippus,0.0,0.52,,,0.2,0.58,,
TRAIN,PATH#ed4037ae-9c35-46f7-a8d2-cf6765f5ebe6.jpg,danaus_plexippus,0.45,0.7,,,0.65,0.96,,
TRAIN,PATH#28ca71b7-0128-40b7-a0d7-5aa965b15466.jpg,danaus_plexippus,0.11,0.47,,,0.3,0.74,,
TRAIN,PATH#28ca71b7-0128-40b7-a0d7-5aa965b15466.jpg,danaus_plexippus,0.55,0.4,,,0.75,0.54,,
TRAIN,PATH#28ca71b7-0128-40b7-a0d7-5aa965b15466.jpg,danaus_plexippus,0.2,0.68,,,0.4,0.95,,
TRAIN,PATH#28ca71b7-0128-40b7-a0d7-5aa965b15466.jpg,danaus_plexippus,0.41,0.58,,,0.61,0.67,,
TRAIN,PATH#7cd9e2de-05b4-46e6-a570-827a9daa5383.jpg,danaus_plexippus,0.38,0.4,,,0.58,0.45,,
TRAIN,PATH#7cd9e2de-05b4-46e6-a570-827a9daa5383.jpg,danaus_plexippus,0.19,0.69,,,0.39,0.88,,
TRAIN,PATH#69e1b1e9-bbc7-46d8-b381-ffc8e4b20d84.jpg,danaus_plexippus,0.45,0.66,,,0.65,0.73,,
TRAIN,PATH#69e1b1e9-bbc7-46d8-b381-ffc8e4b20d84.jpg,danaus_plexippus,0.15,0.42,,,0.35,0.51,,
TRAIN,PATH#69e1b1e9-bbc7-46d8-b381-ffc8e4b20d84.jpg,danaus_plexippus,0.27,0.58,,,0.47,0.88,,
TRAIN,PATH#a0646a7f-a826-4508-af02-d9ba0107fb77.jpg,danaus_plexippus,0.57,0.36,,,0.77,0.68,,
TRAIN,PATH#a0646a7f-a826-4508-af02-d9ba0107fb77.jpg,danaus_plexippus,0.26,0.48,,,0.46,0.54,,
TRAIN,PATH#a0646a7f-a826-4508-af02-d9ba0107fb77.jpg,danaus_plexippus,0.42,0.67,,,0.62,0.76,,
TRAIN,PATH#e2e39277-4e5c-4079-ad06-b6a4e1cf2990.jpg,danaus_plexippus,0.36,0.64,,,0.55,0.7,,
TRAIN,PATH#e2e39277-4e5c-4079-ad06-b6a4e1cf2990.jpg,danaus_plexippus,0.49,0.51,,,0.69,0.57,,
TRAIN,PATH#b2b701e1-44a6-4f25-b2b1-91d892f77a88.jpg,danaus_plexippus,0.24,0.44,,,0.44,0.73,,
TRAIN,PATH#b2b701e1-44a6-4f25-b2b1-91d892f77a88.jpg,danaus_plexippus,0.64,0.59,,,0.84,0.65,,
TRAIN,PATH#b2b701e1-44a6-4f25-b2b1-91d892f77a88.jpg,danaus_plexippus,0.46,0.44,,,0.66,0.56,,
TRAIN,PATH#a05d31cb-4481-4637-928a-b33af2f52fd2.jpg,danaus_plexippus,0.69,0.67,,,0.89,0.8,,
TRAIN,PATH#a05d31cb-4481-4637-928a-b33af2f52fd2.jpg,danaus_plexippus,0.3,0.6,,,0.5,0.69,,
TRAIN,PATH#a05d31cb-4481-4637-928a-b33af2f52fd2.jpg,danaus_plexippus,0.02,0.48,,,0.22,0.68,,
TRAIN,PATH#a05d31cb-4481-4637-928a-b33af2f52fd2.jpg,danaus_plexippus,0.28,0.53,,,0.47,0.58,,
TRAIN,PATH#a05d31cb-4481-4637-928a-b33af2f52fd2.jpg,danaus_plexippus,0.51,0.36,,,0.71,0.44,,
TRAIN,PATH#5698a6bd-a483-46c4-af6b-07aa3d146b0a.jpg,danaus_plexippus,0.39,0.61,,,0.59,0.69,,
TRAIN,PATH#5698a6bd-a483-46c4-af6b-07aa3d146b0a.jpg,danaus_plexippus,0.0,0.37,,,0.2,0.53,,
TRAIN,PATH#5698a6bd-a483-46c4-af6b-07aa3d146b0a.jpg,danaus_plexippus,0.24,0.57,,,0.44,0.8,,
TRAIN,PATH#5698a6bd-a483-46c4-af6b-07aa3d146b0a.jpg,danaus_plexippus,0.68,0.44,,,0.88,0.5,,
TRAIN,PATH#5698a6bd-a483-46c4-af6b-07aa3d146b0a.jpg,danaus_plexippus,0.01,0.49,,,0.21,0.55,,
TRAIN,PATH#59a4dab1-a600-46a0-b027-78ef1ab7b707.jpg,danaus_plexippus,0.7,0.61,,,0.9,0.86,,
TRAIN,PATH#59a4dab1-a600-46a0-b027-78ef1ab7b707.jpg,danaus_plexippus,0.26,0.7,,,0.46,0.84,,
TRAIN,PATH#59a4dab1-a600-46a0-b027-78ef1ab7b707.jpg,danaus_plexippus,0.54,0.37,,,0.74,0.43,,
TRAIN,PATH#59a4dab1-a600-46a0-b027-78ef1ab7b707.jpg,danaus_plexippus,0.3,0.66,,,0.5,0.79,,
TRAIN,PATH#4f24cd47-6d73-4516-a864-8906ef96cb8d.jpg,danaus_plexippus,0.12,0.68,,,0.32,0.74,,
TRAIN,PATH#4f24cd47-6d73-4516-a864-8906ef96cb8d.jpg,danaus_plexippus,0.68,0.38,,,0.88,0.44,,
TRAIN,PATH#4f24cd47-6d73-4516-a864-8906ef96cb8d.jpg,danaus_plexippus,0.58,0.66,,,0.78,0.96,,
TRAIN,PATH#4f24cd47-6d73-4516-a864-8906ef96cb8d.jpg,danaus_plexippus,0.37,0.48,,,0.57,0.58,,
TRAIN,PATH#4f24cd47-6d73-4516-a864-8906ef96cb8d.jpg,danaus_plexippus,0.51,0.28,,,0.71,0.55,,
TRAIN,PATH#a077367c-f5e0-423c-ad21-e36edbf8dc19.jpg,danaus_plexippus,0.34,0.49,,,0.54,0.6,,
TRAIN,PATH#a077367c-f5e0-423c-ad21-e36edbf8dc19.jpg,danaus_plexippus,0.48,0.65,,,0.68,0.73,,
TRAIN,PATH#a077367c-f5e0-423c-ad21-e36edbf8dc19.jpg,danaus_plexippus,0.33,0.34,,,0.53,0.52,,
TRAIN,PATH#a077367c-f5e0-423c-ad21-e36edbf8dc19.jpg,danaus_plexippus,0.22,0.57,,,0.42,0.85,,
TRAIN,PATH#a077367c-f5e0-423c-ad21-e36edbf8dc19.jpg,danaus_plexippus,0.01,0.31,,,0.21,0.58,,
TRAIN,PATH#c99edda9-2055-42b0-b16c-ce58e9bc2e19.jpg,danaus_plexippus,0.39,0.4,,,0.59,0.58,,
TRAIN,PATH#c99edda9-2055-42b0-b16c-ce58e9bc2e19.jpg,danaus_plexippus,0.1,0.49,,,0.3,0.56,,
TRAIN,PATH#c99edda9-2055-42b0-b16c-ce58e9bc2e19.jpg,danaus_plexippus,0.67,0.44,,,0.87,0.51,,
TRAIN,PATH#c99edda9-2055-42b0-b16c-ce58e9bc2e19.jpg,danaus_plexippus,0.43,0.61,,,0.63,0.87,,
TRAIN,PATH#c99edda9-2055-42b0-b16c-ce58e9bc2e19.jpg,danaus_plexippus,0.56,0.34,,,0.76,0.56,,
TRAIN,PATH#9e7f48a8-fb27-4db6-95f6-461c5f1a82bf.jpg,danaus_plexippus,0.28,0.26,,,0.48,0.58,,
TRAIN,PATH#9e7f48a8-fb27-4db6-95f6-461c5f1a82bf.jpg,danaus_plexippus,0.64,0.42,,,0.84,0.48,,
TRAIN,PATH#9e7f48a8-fb27-4db6-95f6-461c5f1a82bf.jpg,danaus_plexippus,0.47,0.62,,,0.67,0.93,,
TRAIN,PATH#9e7f48a8-fb27-4db6-95f6-461c5f1a82bf.jpg,danaus_plexippus,0.59,0.66,,,0.79,0.73,,
TRAIN,PATH#9e7f48a8-fb27-4db6-95f6-461c5f1a82bf.jpg,danaus_plexippus,0.08,0.51,,,0.28,0.68,,
TRAIN,PATH#2fae431b-2bb2-43ae-9f3c-5791cfa9a1c6.jpg,danaus_plexippus,0.29,0.5,,,0.49,0.82,,
TRAIN,PATH#2fae431b-2bb2-43ae-9f3c-5791cfa9a1c6.jpg,danaus_plexippus,0.46,0.43,,,0.66,0.55,,
TRAIN,PATH#51acd032-220d-4cd5-88a8-7e0eaa635146.jpg,danaus_plexippus,0.11,0.6,,,0.31,0.67,,
TRAIN,PATH#77fd49bc-ce99-41de-866d-d8125891f2d1.jpg,danaus_plexippus,0.41,0.45,,,0.61,0.53,,
TRAIN,PATH#77fd49bc-ce99-41de-866d-d8125891f2d1.jpg,danaus_plexippus,0.55,0.6,,,0.75,0.83,,
TRAIN,PATH#77fd49bc-ce99-41de-866d-d8125891f2d1.jpg,danaus_plexippus,0.67,0.53,,,0.87,0.59,,
TRAIN,PATH#637a0e14-4eff-4c89-a7c0-ca91bafe0ed3.jpg,danaus_plexippus,0.25,0.41,,,0.45,0.55,,
TRAIN,PATH#637a0e14-4eff-4c89-a7c0-ca91bafe0ed3.jpg,danaus_plexippus,0.11,0.45,,,0.3,0.51,,
TRAIN,PATH#637a0e14-4eff-4c89-a7c0-ca91bafe0ed3.jpg,danaus_plexippus,0.0,0.52,,,0.2,0.58,,
TRAIN,PATH#abf3634e-6910-4257-9ea3-c41d4bb3dda1.jpg,danaus_plexippus,0.53,0.44,,,0.73,0.53,,
TRAIN,PATH#34642ac5-ca0f-4c3b-851f-139e9930172c.jpg,danaus_plexippus,0.13,0.56,,,0.33,0.7,,
TRAIN,PATH#518af2b7-53a8-46ea-b755-bf2fca4bcd20.jpg,danaus_plexippus,0.63,0.5,,,0.83,0.64,,
TRAIN,PATH#518af2b7-53a8-46ea-b755-bf2fca4bcd20.jpg,danaus_plexippus,0.19,0.56,,,0.39,0.62,,
TRAIN,PATH#518af2b7-53a8-46ea-b755-bf2fca4bcd20.jpg,danaus_plexippus,0.06,0.36,,,0.26,0.64,,
TRAIN,PATH#518af2b7-53a8-46ea-b755-bf2fca4bcd20.jpg,danaus_plexippus,0.45,0.53,,,0.65,0.61,,
TRAIN,PATH#518af2b7-53a8-46ea-b755-bf2fca4bcd20.jpg,danaus_plexippus,0.63,0.36,,,0.83,0.54,,
TRAIN,PATH#b99c83e3-01fc-4398-ac7f-ad514ab14fe8.jpg,danaus_plexippus,0.43,0.5,,,0.63,0.61,,
TRAIN,PATH#b99c83e3-01fc-4398-ac7f-ad514ab14fe8.jpg,danaus_plexippus,0.12,0.36,,,0.31,0.52,,
TRAIN,PATH#b99c83e3-01fc-4398-ac7f-ad514ab14fe8.jpg,danaus_plexippus,0.5,0.66,,,0.7,0.79,,
TRAIN,PATH#190c9484-b296-4fea-b167-c620d4915885.jpg,danaus_plexippus,0.41,0.66,,,0.61,0.94,,
TRAIN,PATH#fed3a8ac-77f6-4a61-8c25-c1b3e8b770ba.jpg,danaus_plexippus,0.31,0.54,,,0.51,0.59,,
TRAIN,PATH#b09217f3-c632-40b2-a7a5-f7d20ed4209a.jpg,danaus_plexippus,0.17,0.65,,,0.37,0.73,,
TRAIN,PATH#b09217f3-c632-40b2-a7a5-f7d20ed4209a.jpg,danaus_plexippus,0.51,0.35,,,0.71,0.65,,
TRAIN,PATH#b09217f3-c632-40b2-a7a5-f7d20ed4209a.jpg,danaus_plexippus,0.12,0.57,,,0.32,0.7,,
TRAIN,PATH#b09217f3-c632-40b2-a7a5-f7d20ed4209a.jpg,danaus_plexippus,0.68,0.34,,,0.88,0.51,,
TRAIN,PATH#b8e6a67f-e2b6-42a7-b906-5b4a953f93d5.jpg,danaus_plexippus,0.49,0.55,,,0.69,0.63,,
TRAIN,PATH#b8e6a67f-e2b6-42a7-b906-5b4a953f93d5.jpg,danaus_plexippus,0.04,0.29,,,0.24,0.57,,
TRAIN,PATH#b8e6a67f-e2b6-42a7-b906-5b4a953f93d5.jpg,danaus_plexippus,0.69,0.61,,,0.88,0.91,,
TRAIN,PATH#c45905fd-3f20-485f-a2e7-6adb98024825.jpg,danaus_plexippus,0.35,0.64,,,0.55,0.8,,
TRAIN,PATH#c45905fd-3f20-485f-a2e7-6adb98024825.jpg,danaus_plexippus,0.51,0.58,,,0.71,0.68,,
TRAIN,PATH#c45905fd-3f20-485f-a2e7-6adb98024825.jpg,danaus_plexippus,0.1,0.26,,,0.3,0.55,,
TRAIN,PATH#4f4837e7-a54d-4aac-9dee-7b656d03bd02.jpg,danaus_plexippus,0.38,0.58,,,0.58,0.64,,
TRAIN,PATH#4f4837e7-a54d-4aac-9dee-7b656d03bd02.jpg,danaus_plexippus,0.51,0.65,,,0.71,0.74,,
TRAIN,PATH#4f4837e7-a54d-4aac-9dee-7b656d03bd02.jpg,danaus_plexippus,0.3,0.69,,,0.5,0.78,,
TRAIN,PATH#4f4837e7-a54d-4aac-9dee-7b656d03bd02.jpg,danaus_plexippus,0.07,0.5,,,0.27,0.68,,
TRAIN,PATH#325a281d-cd10-4c1f-848b-0481cb14236c.jpg,danaus_plexippus,0.25,0.51,,,0.45,0.57,,
TRAIN,PATH#325a281d-cd10-4c1f-848b-0481cb14236c.jpg,danaus_plexippus,0.13,0.59,,,0.33,0.65,,
TRAIN,PATH#325a281d-cd10-4c1f-848b-0481cb14236c.jpg,danaus_plexippus,0.29,0.46,,,0.49,0.56,,
TRAIN,PATH#325a281d-cd10-4c1f-848b-0481cb14236c.jpg,danaus_plexippus,0.69,0.37,,,0.89,0.47,,
TRAIN,PATH#325a281d-cd10-4c1f-848b-0481cb14236c.jpg,danaus_plexippus,0.51,0.47,,,0.71,0.52,,
TRAIN,PATH#5734a1ab-f8fc-44ed-85ca-e5b7177b0213.jpg,danaus_plexippus,0.59,0.59,,,0.79,0.66,,
TRAIN,PATH#5734a1ab-f8fc-44ed-85ca-e5b7177b0213.jpg,danaus_plexippus,0.43,0.42,,,0.63,0.68,,
TRAIN,PATH#5734a1ab-f8fc-44ed-85ca-e5b7177b0213.jpg,danaus_plexippus,0.53,0.63,,,0.73,0.88,,
TRAIN,PATH#5734a1ab-f8fc-44ed-85ca-e5b7177b0213.jpg,danaus_plexippus,0.67,0.51,,,0.87,0.6,,
TRAIN,PATH#4fb4fcb5-3f00-4e7a-bd47-36e88aadc92d.jpg,danaus_plexippus,0.64,0.64,,,0.84,0.74,,
TRAIN,PATH#4fb4fcb5-3f00-4e7a-bd47-36e88aadc92d.jpg,danaus_plexippus,0.16,0.45,,,0.36,0.77,,
TRAIN,PATH#03003401-159c-4e8a-8e8e-241cf500a992.jpg,danaus_plexippus,0.68,0.34,,,0.88,0.47,,
TRAIN,PATH#e6944a08-66a5-49ea-8570-9349e0eb657f.jpg,danaus_plexippus,0.51,0.49,,,0.71,0.67,,
TRAIN,PATH#e6944a08-66a5-49ea-8570-9349e0eb657f.jpg,danaus_plexippus,0.66,0.61,,,0.86,0.79,,
TRAIN,PATH#e6944a08-66a5-49ea-8570-9349e0eb657f.jpg,danaus_plexippus,0.4,0.5,,,0.6,0.65,,
TRAIN,PATH#e6944a08-66a5-49ea-8570-9349e0eb657f.jpg,danaus_plexippus,0.59,0.68,,,0.79,1.0,,
TRAIN,PATH#e6944a08-66a5-49ea-8570-9349e0eb657f.jpg,danaus_plexippus,0.03,0.34,,,0.23,0.46,,
TRAIN,PATH#e054db0c-168d-4c16-8ede-125dfadc569e.jpg,danaus_plexippus,0.65,0.43,,,0.85,0.61,,
TRAIN,PATH#e054db0c-168d-4c16-8ede-125dfadc569e.jpg,danaus_plexippus,0.44,0.37,,,0.63,0.44,,
TRAIN,PATH#e054db0c-168d-4c16-8ede-125dfadc569e.jpg,danaus_plexippus,0.26,0.58,,,0.46,0.73,,
TRAIN,PATH#ea9eac34-a372-4ea4-830f-3973be511aa6.jpg,danaus_plexippus,0.34,0.41,,,0.54,0.47,,
TRAIN,PATH#ea9eac34-a372-4ea4-830f-3973be511aa6.jpg,danaus_plexippus,0.64,0.63,,,0.84,0.69,,
TRAIN,PATH#ea9eac34-a372-4ea4-830f-3973be511aa6.jpg,danaus_plexippus,0.31,0.39,,,0.51,0.66,,
TRAIN,PATH#fde15801-34e3-41c7-ba0f-c5576016ecf9.jpg,danaus_plexippus,0.35,0.62,,,0.55,0.81,,
TRAIN,PATH#fde15801-34e3-41c7-ba0f-c5576016ecf9.jpg,danaus_plexippus,0.23,0.55,,,0.43,0.68,,
VALIDATE,PATH#0e59e37a-8877-451d-a603-ea99eee63ea3.jpg,danaus_plexippus,0.64,0.51,,,0.84,0.73,,
VALIDATE,PATH#0e59e37a-8877-451d-a603-ea99eee63ea3.jpg,danaus_plexippus,0.11,0.65,,,0.31,0.82,,
VALIDATE,PATH#0e59e37a-8877-451d-a603-ea99eee63ea3.jpg,danaus_plexippus,0.42,0.54,,,0.62,0.63,,
VALIDATE,PATH#3ebab3e2-c290-4abd-8d47-afc97014507f.jpg,danaus_plexippus,0.22,0.61,,,0.42,0.7,,
VALIDATE,PATH#3ebab3e2-c290-4abd-8d47-afc97014507f.jpg,danaus_plexippus,0.05,0.68,,,0.25,0.81,,
VALIDATE,PATH#3ebab3e2-c290-4abd-8d47-afc97014507f.jpg,danaus_plexippus,0.39,0.4,,,0.59,0.52,,
VALIDATE,PATH#1560b398-c456-4922-b706-1333dbf9248d.jpg,danaus_plexippus,0.53,0.63,,,0.72,0.9,,
VALIDATE,PATH#1560b398-c456-4922-b706-1333dbf9248d.jpg,danaus_plexippus,0.3,0.4,,,0.5,0.48,,
VALIDATE,PATH#1560b398-c456-4922-b706-1333dbf9248d.jpg,danaus_plexippus,0.69,0.59,,,0.88,0.84,,
VALIDATE,PATH#0c80a842-99d8-4fe3-b42f-9243c45acebe.jpg,danaus_plexippus,0.67,0.63,,,0.87,0.7,,
VALIDATE,PATH#0c80a842-99d8-4fe3-b42f-9243c45acebe.jpg,danaus_plexippus,0.26,0.42,,,0.46,0.74,,
VALIDATE,PATH#15efef2a-f756-423a-803f-0447083ec15e.jpg,danaus_plexippus,0.42,0.59,,,0.62,0.69,,
VALIDATE,PATH#15efef2a-f756-423a-803f-0447083ec15e.jpg,danaus_plexippus,0.24,0.51,,,0.44,0.58,,
VALIDATE,PATH#15efef2a-f756-423a-803f-0447083ec15e.jpg,danaus_plexippus,0.55,0.66,,,0.75,0.89,,
VALIDATE,PATH#15efef2a-f756-423a-803f-0447083ec15e.jpg,danaus_plexippus,0.4,0.29,,,0.6,0.57,,
VALIDATE,PATH#15efef2a-f756-423a-803f-0447083ec15e.jpg,danaus_plexippus,0.59,0.41,,,0.79,0.49,,
VALIDATE,PATH#85522d68-2f50-4639-a498-bd1b3068193f.jpg,danaus_plexippus,0.33,0.39,,,0.53,0.61,,
VALIDATE,PATH#85522d68-2f50-4639-a498-bd1b3068193f.jpg,danaus_plexippus,0.21,0.49,,,0.41,0.59,,
VALIDATE,PATH#85522d68-2f50-4639-a498-bd1b3068193f.jpg,danaus_plexippus,0.7,0.4,,,0.9,0.46,,
VALIDATE,PATH#85522d68-2f50-4639-a498-bd1b3068193f.jpg,danaus_plexippus,0.59,0.6,,,0.79,0.77,,
VALIDATE,PATH#d569fd4a-faaa-43a2-ae06-c893f83d8390.jpg,danaus_plexippus,0.34,0.48,,,0.54,0.58,,
VALIDATE,PATH#d569fd4a-faaa-43a2-ae06-c893f83d8390.jpg,danaus_plexippus,0.61,0.34,,,0.81,0.61,,
VALIDATE,PATH#d569fd4a-faaa-43a2-ae06-c893f83d8390.jpg,danaus_plexippus,0.09,0.67,,,0.29,0.9,,
VALIDATE,PATH#d569fd4a-faaa-43a2-ae06-c893f83d8390.jpg,danaus_plexippus,0.4,0.3,,,0.6,0.54,,
VALIDATE,PATH#d569fd4a-faaa-43a2-ae06-c893f83d8390.jpg,danaus_plexippus,0.52,0.55,,,0.72,0.64,,
VALIDATE,PATH#5f29e5ed-e9df-467b-a77e-bb539d97242c.jpg,danaus_plexippus,0.68,0.52,,,0.88,0.82,,
VALIDATE,PATH#f3986108-d93f-489c-81e3-ca6a2aaae4d1.jpg,danaus_plexippus,0.68,0.39,,,0.88,0.5,,
VALIDATE,PATH#f3986108-d93f-489c-81e3-ca6a2aaae4d1.jpg,danaus_plexippus,0.07,0.52,,,0.27,0.57,,
VALIDATE,PATH#f3986108-d93f-489c-81e3-ca6a2aaae4d1.jpg,danaus_plexippus,0.52,0.66,,,0.72,0.89,,
VALIDATE,PATH#ca2c87a9-44b3-447b-9f36-fb2f8bb17fe2.jpg,danaus_plexippus,0.49,0.42,,,0.69,0.48,,
VALIDATE,PATH#a53ec3ed-c588-45af-b76c-77085d0d716f.jpg,danaus_plexippus,0.66,0.47,,,0.86,0.55,,
VALIDATE,PATH#a53ec3ed-c588-45af-b76c-77085d0d716f.jpg,danaus_plexippus,0.24,0.32,,,0.44,0.58,,
VALIDATE,PATH#a53ec3ed-c588-45af-b76c-77085d0d716f.jpg,danaus_plexippus,0.44,0.46,,,0.64,0.55,,
VALIDATE,PATH#a53ec3ed-c588-45af-b76c-77085d0d716f.jpg,danaus_plexippus,0.2,0.4,,,0.39,0.46,,
VALIDATE,PATH#a53ec3ed-c588-45af-b76c-77085d0d716f.jpg,danaus_plexippus,0.62,0.54,,,0.82,0.73,,
VALIDATE,PATH#1aaca43a-82ee-4624-97fb-1af333597da8.jpg,danaus_plexippus,0.58,0.69,,,0.78,0.75,,
VALIDATE,PATH#1aaca43a-82ee-4624-97fb-1af333597da8.jpg,danaus_plexippus,0.46,0.6,,,0.66,0.73,,
VALIDATE,PATH#8a8d3c61-0165-44ce-9bcb-88107cf18c8a.jpg,danaus_plexippus,0.47,0.52,,,0.67,0.76,,
VALIDATE,PATH#d446d2b5-b49d-4b84-8a41-eb30517acc4e.jpg,danaus_plexippus,0.42,0.35,,,0.62,0.56,,
VALIDATE,PATH#d446d2b5-b49d-4b84-8a41-eb30517acc4e.jpg,danaus_plexippus,0.65,0.46,,,0.85,0.67,,
VALIDATE,PATH#a10fa561-36e4-4c76-80ad-9a5b785837ec.jpg,danaus_plexippus,0.15,0.68,,,0.35,0.9,,
VALIDATE,PATH#9ef98ca9-98b9-45bf-a211-6d58fa576a39.jpg,danaus_plexippus,0.48,0.46,,,0.68,0.54,,
VALIDATE,PATH#9ef98ca9-98b9-45bf-a211-6d58fa576a39.jpg,danaus_plexippus,0.09,0.61,,,0.29,0.84,,
VALIDATE,PATH#9ef98ca9-98b9-45bf-a211-6d58fa576a39.jpg,danaus_plexippus,0.25,0.35,,,0.45,0.6,,
VALIDATE,PATH#9ef98ca9-98b9-45bf-a211-6d58fa576a39.jpg,danaus_plexippus,0.62,0.55,,,0.82,0.6,,
VALIDATE,PATH#9ef98ca9-98b9-45bf-a211-6d58fa576a39.jpg,danaus_plexippus,0.5,0.52,,,0.7,0.57,,
VALIDATE,PATH#38f13ed6-854d-40a2-a3da-31fb19019667.jpg,danaus_plexippus,0.4,0.67,,,0.6,0.96,,
VALIDATE,PATH#38f13ed6-854d-40a2-a3da-31fb19019667.jpg,danaus_plexippus,0.62,0.49,,,0.82,0.56,,
VALIDATE,PATH#38f13ed6-854d-40a2-a3da-31fb19019667.jpg,danaus_plexippus,0.08,0.43,,,0.28,0.52,,
VALIDATE,PATH#38f13ed6-854d-40a2-a3da-31fb19019667.jpg,danaus_plexippus,0.65,0.6,,,0.85,0.89,,
VALIDATE,PATH#790a0ab6-b96f-4856-ae39-bc2feda50d09.jpg,danaus_plexippus,0.44,0.53,,,0.64,0.62,,
VALIDATE,PATH#790a0ab6-b96f-4856-ae39-bc2feda50d09.jpg,danaus_plexippus,0.28,0.39,,,0.47,0.49,,
VALIDATE,PATH#790a0ab6-b96f-4856-ae39-bc2feda50d09.jpg,danaus_plexippus,0.56,0.69,,,0.76,0.77,,
VALIDATE,PATH#d394a858-fa26-4d61-875f-0a92fc3cc0d4.jpg,danaus_plexippus,0.59,0.6,,,0.79,0.7,,
VALIDATE,PATH#d394a858-fa26-4d61-875f-0a92fc3cc0d4.jpg,danaus_plexippus,0.08,0.7,,,0.28,0.86,,
VALIDATE,PATH#d394a858-fa26-4d61-875f-0a92fc3cc0d4.jpg,danaus_plexippus,0.61,0.38,,,0.81,0.68,,
VALIDATE,PATH#ff28a7c5-b45a-447e-9cf3-0080c669d079.jpg,danaus_plexippus,0.12,0.53,,,0.32,0.67,,
VALIDATE,PATH#ff28a7c5-b45a-447e-9cf3-0080c669d079.jpg,danaus_plexippus,0.39,0.59,,,0.59,0.67,,
VALIDATE,PATH#ff28a7c5-b45a-447e-9cf3-0080c669d079.jpg,danaus_plexippus,0.67,0.5,,,0.87,0.6,,
VALIDATE,PATH#ff28a7c5-b45a-447e-9cf3-0080c669d079.jpg,danaus_plexippus,0.03,0.65,,,0.22,0.82,,
VALIDATE,PATH#d6bf613a-a4e7-4c57-bdf9-9281af98db75.jpg,danaus_plexippus,0.17,0.49,,,0.37,0.56,,
VALIDATE,PATH#d6bf613a-a4e7-4c57-bdf9-9281af98db75.jpg,danaus_plexippus,0.63,0.67,,,0.83,0.93,,
VALIDATE,PATH#d6bf613a-a4e7-4c57-bdf9-9281af98db75.jpg,danaus_plexippus,0.41,0.5,,,0.61,0.59,,
VALIDATE,PATH#d6bf613a-a4e7-4c57-bdf9-9281af98db75.jpg,danaus_plexippus,0.53,0.38,,,0.73,0.61,,
VALIDATE,PATH#d6bf613a-a4e7-4c57-bdf9-9281af98db75.jpg,danaus_plexippus,0.4,0.68,,,0.6,1.0,,
VALIDATE,PATH#c623d077-eb92-4d45-8460-b99c42721871.jpg,danaus_plexippus,0.67,0.5,,,0.87,0.73,,
VALIDATE,PATH#c623d077-eb92-4d45-8460-b99c42721871.jpg,danaus_plexippus,0.41,0.38,,,0.61,0.47,,
VALIDATE,PATH#c623d077-eb92-4d45-8460-b99c42721871.jpg,danaus_plexippus,0.65,0.44,,,0.85,0.51,,
VALIDATE,PATH#c85664ae-e58f-4289-bc96-4f5347ad38cb.jpg,danaus_plexippus,0.43,0.6,,,0.62,0.7,,
VALIDATE,PATH#c85664ae-e58f-4289-bc96-4f5347ad38cb.jpg,danaus_plexippus,0.28,0.51,,,0.48,0.66,,
VALIDATE,PATH#c85664ae-e58f-4289-bc96-4f5347ad38cb.jpg,danaus_plexippus,0.18,0.59,,,0.38,0.64,,
VALIDATE,PATH#85aad0ee-69b4-4b65-9a77-197108e86bfc.jpg,danaus_plexippus,0.61,0.65,,,0.81,0.79,,
VALIDATE,PATH#85aad0ee-69b4-4b65-9a77-197108e86bfc.jpg,danaus_plexippus,0.44,0.58,,,0.64,0.64,,
VALIDATE,PATH#85aad0ee-69b4-4b65-9a77-197108e86bfc.jpg,danaus_plexippus,0.01,0.36,,,0.21,0.56,,
VALIDATE,PATH#85aad0ee-69b4-4b65-9a77-197108e86bfc.jpg,danaus_plexippus,0.41,0.44,,,0.61,0.54,,
VALIDATE,PATH#7dfc146a-42f8-4aee-8dba-bd1b00f6e05c.jpg,danaus_plexippus,0.33,0.37,,,0.53,0.45,,
VALIDATE,PATH#7dfc146a-42f8-4aee-8dba-bd1b00f6e05c.jpg,danaus_plexippus,0.21,0.51,,,0.41,0.71,,
VALIDATE,PATH#7dfc146a-42f8-4aee-8dba-bd1b00f6e05c.jpg,danaus_plexippus,0.38,0.63,,,0.58,0.8,,
VALIDATE,PATH#9235e0d4-a991-4707-9650-108e76f1169f.jpg,danaus_plexippus,0.57,0.38,,,0.77,0.46,,
VALIDATE,PATH#76af62b0-4391-4204-971e-faf12c884b3e.jpg,danaus_plexippus,0.7,0.6,,,0.9,0.74,,
VALIDATE,PATH#76af62b0-4391-4204-971e-faf12c884b3e.jpg,danaus_plexippus,0.25,0.38,,,0.45,0.61,,
VALIDATE,PATH#d48a27cd-be9b-40e8-9c8b-1028521e6b3b.jpg,danaus_plexippus,0.4,0.59,,,0.6,0.69,,
VALIDATE,PATH#d48a27cd-be9b-40e8-9c8b-1028521e6b3b.jpg,danaus_plexippus,0.15,0.63,,,0.35,0.69,,
VALIDATE,PATH#b52fc0f5-af4f-496e-b366-5818ca314f57.jpg,danaus_plexippus,0.52,0.37,,,0.71,0.45,,
VALIDATE,PATH#b52fc0f5-af4f-496e-b366-5818ca314f57.jpg,danaus_plexippus,0.27,0.7,,,0.47,0.85,,
VALIDATE,PATH#b765b13c-2bc0-4673-954a-28a48773ded5.jpg,danaus_plexippus,0.4,0.65,,,0.6,0.78,,
VALIDATE,PATH#b765b13c-2bc0-4673-954a-28a48773ded5.jpg,danaus_plexippus,0.27,0.34,,,0.47,0.64,,
VALIDATE,PATH#4d1a8cfa-2b9c-426a-8b0a-b9f78dbb8d5b.jpg,danaus_plexippus,0.19,0.49,,,0.39,0.55,,
VALIDATE,PATH#cd3e6cb4-0bb4-4093-8eee-0cc182b95034.jpg,danaus_plexippus,0.37,0.56,,,0.57,0.66,,
VALIDATE,PATH#cd3e6cb4-0bb4-4093-8eee-0cc182b95034.jpg,danaus_plexippus,0.54,0.34,,,0.74,0.5,,
VALIDATE,PATH#cd3e6cb4-0bb4-4093-8eee-0cc182b95034.jpg,danaus_plexippus,0.37,0.44,,,0.57,0.52,,
VALIDATE,PATH#cd3e6cb4-0bb4-4093-8eee-0cc182b95034.jpg,danaus_plexippus,0.1,0.54,,,0.3,0.63,,
VALIDATE,PATH#8af14461-b01c-4b30-ba15-ee0aff29a577.jpg,danaus_plexippus,0.6,0.4,,,0.8,0.47,,
VALIDATE,PATH#8af14461-b01c-4b30-ba15-ee0aff29a577.jpg,danaus_plexippus,0.35,0.68,,,0.55,0.78,,
VALIDATE,PATH#8af14461-b01c-4b30-ba15-ee0aff29a577.jpg,danaus_plexippus,0.67,0.47,,,0.87,0.53,,
VALIDATE,PATH#8af14461-b01c-4b30-ba15-ee0aff29a577.jpg,danaus_plexippus,0.07,0.52,,,0.27,0.57,,
VALIDATE,PATH#82752d8f-26c9-4da1-a3ab-2cb17b3431b2.jpg,danaus_plexippus,0.62,0.69,,,0.82,0.85,,
VALIDATE,PATH#82752d8f-26c9-4da1-a3ab-2cb17b3431b2.jpg,danaus_plexippus,0.06,0.62,,,0.26,0.68,,
VALIDATE,PATH#b8e0dcca-e806-47b8-b49b-27e573799c9e.jpg,danaus_plexippus,0.31,0.52,,,0.51,0.63,,
VALIDATE,PATH#b8e0dcca-e806-47b8-b49b-27e573799c9e.jpg,danaus_plexippus,0.07,0.41,,,0.27,0.53,,
VALIDATE,PATH#601a7f5f-3dcb-4096-9387-837ded716852.jpg,danaus_plexippus,0.15,0.68,,,0.35,0.76,,
VALIDATE,PATH#601a7f5f-3dcb-4096-9387-837ded716852.jpg,danaus_plexippus,0.52,0.44,,,0.72,0.5,,
VALIDATE,PATH#601a7f5f-3dcb-4096-9387-837ded716852.jpg,danaus_plexippus,0.37,0.66,,,0.57,0.97,,
VALIDATE,PATH#601a7f5f-3dcb-4096-9387-837ded716852.jpg,danaus_plexippus,0.68,0.32,,,0.88,0.62,,
VALIDATE,PATH#db8725f0-fae8-4f3c-9660-064bf9670066.jpg,danaus_plexippus,0.11,0.54,,,0.31,0.83,,
VALIDATE,PATH#db8725f0-fae8-4f3c-9660-064bf9670066.jpg,danaus_plexippus,0.36,0.4,,,0.56,0.57,,
VALIDATE,PATH#db8725f0-fae8-4f3c-9660-064bf9670066.jpg,danaus_plexippus,0.07,0.68,,,0.27,0.83,,
VALIDATE,PATH#db8725f0-fae8-4f3c-9660-064bf9670066.jpg,danaus_plexippus,0.4,0.6,,,0.6,0.7,,
VALIDATE,PATH#db8725f0-fae8-4f3c-9660-064bf9670066.jpg,danaus_plexippus,0.66,0.39,,,0.86,0.71,,
VALIDATE,PATH#b6ad70f5-742d-4ff4-a8aa-4cbb09b7182e.jpg,danaus_plexippus,0.47,0.39,,,0.67,0.6,,
VALIDATE,PATH#b6ad70f5-742d-4ff4-a8aa-4cbb09b7182e.jpg,danaus_plexippus,0.17,0.46,,,0.37,0.51,,
VALIDATE,PATH#06e8b706-ad97-4898-a3f2-5ab11ede49ab.jpg,danaus_plexippus,0.31,0.33,,,0.51,0.63,,
VALIDATE,PATH#dd0647d6-fafa-41e0-8f4d-0cb4b2f4ce4e.jpg,danaus_plexippus,0.4,0.54,,,0.6,0.73,,
